id,shortName,minAmount,maxAmount,active,amountRatio,limitRatio,type,categoryId,logo
100000301,dummy-recipient-usd,1,100,TRUE,1,1,,,
100000302,dummy-recipient,1000,10000000,TRUE,1,1,,,
100001201,basmala_taxi,500,10000000,TRUE,1,100,SIMPLE,100001105,
100001203,simus_online,500,500000,TRUE,1,100,SIMPLE,100001102,
100001205,kelajaktasvir,500,10000000,TRUE,1,100,SIMPLE,100001103,
100001206,_aquafon_abhazija,25000,1800000,TRUE,1,100,SIMPLE,100001104,
100001208,uberdostavka,500,10000000,TRUE,1,100,SIMPLE,100001105,
100001210,roshan_afganistan,1000,1000000,TRUE,1,100,SIMPLE,100001104,
100001211,pickapp,500,10000000,TRUE,1,100,SIMPLE,100001105,
100001212,motivrossija,3000,1000000,TRUE,1,100,SIMPLE,100001104,
100001213,partnerleader_taxi,500,10000000,TRUE,1,100,SIMPLE,100001105,
100001214,moy_mir,3000,2000000,TRUE,1,100,SIMPLE,100001104,
100001215,taxi_1053,500,10000000,TRUE,1,100,SIMPLE,100001105,
100001216,vivacell_mtsarmenia,10000,1000000,TRUE,1,100,SIMPLE,100001104,
100001217,mega_taxi_1054_namangan,500,10000000,TRUE,1,100,SIMPLE,100001105,
100001220,yengil_taxi,500,10000000,TRUE,1,100,SIMPLE,100001105,
100001221,airtel_bangladesh,1000,1000000,TRUE,1,100,SIMPLE,100001104,
100001223,ucom_orangearmenia,10000,1000000,TRUE,1,100,SIMPLE,100001104,
100001224,steam_uae,150000,3000000,TRUE,1,100,SIMPLE,100001104,
100001226,arzon_taxi,500,10000000,TRUE,1,100,SIMPLE,100001105,
100001227,tez_taxi,500,10000000,TRUE,1,100,SIMPLE,100001105,
100001228,optikom,500,10000000,TRUE,1,100,SIMPLE,100001102,
100001229,orzu_taxi,500,10000000,TRUE,1,100,SIMPLE,100001105,
100001230,uptaxi,500,10000000,TRUE,1,100,SIMPLE,100001105,
100001232,taxi_1313_qoqon,500,10000000,TRUE,1,100,SIMPLE,100001105,
100001233,basmala_tv,1000,10000000,TRUE,1,100,SIMPLE,100001103,
100001234,prestije_taxi,500,5000000,TRUE,1,100,SIMPLE,100001105,
100001235,garaj_taxi,500,10000000,TRUE,1,100,SIMPLE,100001105,
100001237,qulay_taxi,500,10000000,TRUE,1,100,SIMPLE,100001105,
100001238,mega_taxi_namangan,500,10000000,TRUE,1,100,SIMPLE,100001105,
100001239,zetmobile_beelinetadzhikistan,3000,100000,TRUE,1,100,SIMPLE,100001104,
100001225,my_taxi,500,500000,TRUE,1,100,SIMPLE,100001105,my_taxi.png
100001202,amazon_ksa,12000,3000000,TRUE,1,100,SIMPLE,100001104,amazon_ksa.png
100001222,parapa_gorod_tantsev,3000,2000000,TRUE,1,100,SIMPLE,100001104,parapa_gorod_tantsev.png
100001209,maroqand_taxi,500,10000000,TRUE,1,100,SIMPLE,100001105,maroqand_taxi.png
100001231,shox_taxi,500,5000000,TRUE,1,100,SIMPLE,100001105,shox_taxi.png
100001204,intaxi,500,1500000,TRUE,1,100,SIMPLE,100001105,intaxi.png
100001219,google_play_ksa,60000,3000000,TRUE,1,100,SIMPLE,100001104,google_play_ksa.png
100001207,doda_taxi,500,10000000,TRUE,1,100,SIMPLE,100001105,doda_taxi.png
100001240,taxi_red,500,10000000,TRUE,1,100,SIMPLE,100001105,
100001241,karvon_taxi,500,10000000,TRUE,1,100,SIMPLE,100001105,
100001242,spectrit_internet,1000,3000000,TRUE,1,100,SIMPLE,100001102,
100001243,drive_taxi,500,10000000,TRUE,1,100,SIMPLE,100001105,
100001244,samtelekom,1000,30000000,TRUE,1,100,SIMPLE,100001102,
100001245,zoom_logistic,500,10000000,TRUE,1,100,SIMPLE,100001105,
100001246,tasx.uz,500,500000,TRUE,1,100,SIMPLE,100001103,
100001248,tele2_rossija,3000,1000000,TRUE,1,100,SIMPLE,100001104,
100001249,xalq_dostavka,1000,10000000,TRUE,1,100,SIMPLE,100001105,
100001250,pro_dostavka,1000,10000000,TRUE,1,100,SIMPLE,100001105,
100001452,777_taxi,500,5000000,TRUE,1,100,SIMPLE,100001105,
100001453,satellite_tv,22000,300000,TRUE,1,100,SIMPLE,100001103,
100001454,sayyora_iptv,500,10000000,TRUE,1,100,SIMPLE,100001103,
100001455,archeage,3000,2000000,TRUE,1,100,SIMPLE,100001104,
100001456,krimtelekom_rossija,3000,1500000,TRUE,1,100,SIMPLE,100001104,
100001457,mamba,3000,2000000,TRUE,1,100,SIMPLE,100001104,
100001458,mustang_taxi,500,1000000,TRUE,1,100,SIMPLE,100001105,
100001460,arzoni_bizda_taxi,500,10000000,TRUE,1,100,SIMPLE,100001105,
100001461,my_profile_rub_gruzija,3000,4000000,TRUE,1,100,SIMPLE,100001104,
100001464,grameenphone_bangladesh,1000,1000000,TRUE,1,100,SIMPLE,100001104,
100001465,globaltel_georgia,12000,3000000,TRUE,1,100,SIMPLE,100001104,
100001467,calypso_taxi,500,10000000,TRUE,1,100,SIMPLE,100001105,
100001469,sbermobaylrossija,1000,1000000,TRUE,1,100,SIMPLE,100001104,
100001471,qoqon_taxi,500,10000000,TRUE,1,100,SIMPLE,100001105,
100001473,omad_yetkazish,1000,10000000,TRUE,1,100,SIMPLE,100001105,
100001474,town_taxi,500,5000000,TRUE,1,100,SIMPLE,100001105,
100001475,ali_taxi,500,10000000,TRUE,1,100,SIMPLE,100001105,
100001477,perfectum,500,1500000,TRUE,1,100,SIMPLE,100001101,
100001478,tvcom,500,500000,TRUE,1,100,SIMPLE,100001103,
100001451,aladdin_taxi,500,10000000,TRUE,1,100,SIMPLE,100001105,aladdin_taxi.png
100001476,premium_taxi,500,10000000,TRUE,1,100,SIMPLE,100001105,premium_taxi.png
100001459,luxe_taxi,500,1000000,TRUE,1,100,SIMPLE,100001105,luxe_taxi.png
100001466,sonet_online,500,500000,TRUE,1,100,SIMPLE,100001102,sonet_online.png
100001479,app_store_and_itunes_gift_card_japan,12000,3000000,TRUE,1,100,SIMPLE,100001104,app_store_and_itunes_gift_card_japan.png
100001247,verangeplus,500,10000000,TRUE,1,100,SIMPLE,100001103,verangeplus.png
100001472,boom_taxi,500,1000000,TRUE,1,100,SIMPLE,100001105,boom_taxi.png
100001470,tnet,1000,500000,TRUE,1,100,SIMPLE,100001102,tnet.png
100001468,omobile_tadzhikistan,3000,100000,TRUE,1,100,SIMPLE,100001104,omobile_tadzhikistan.png
100001480,lyabi_hovuz_taxi,500,10000000,TRUE,1,100,SIMPLE,100001105,
100001483,yamotors,500,1000000,TRUE,1,100,SIMPLE,100001105,
100001484,plus_taxi,500,10000000,TRUE,1,100,SIMPLE,100001105,
100001485,smartcomtv,500,500000,TRUE,1,100,SIMPLE,100001103,
100001486,buyuk_logistics,500,10000000,TRUE,1,100,SIMPLE,100001105,
100001487,alo_taxi,500,10000000,TRUE,1,100,SIMPLE,100001105,
100001488,astaxi,500,10000000,TRUE,1,100,SIMPLE,100001105,
100001490,babilon_mobile_tadzhikistan,3000,1000000,TRUE,1,100,SIMPLE,100001104,
100001491,playstation_kuwait_store,12000,3000000,TRUE,1,100,SIMPLE,100001104,
100001492,geocell_gruzija,3000,1000000,TRUE,1,100,SIMPLE,100001104,
100001493,taxi_1,500,5000000,TRUE,1,100,SIMPLE,100001105,
100001494,exim_trans,500,10000000,TRUE,1,100,SIMPLE,100001105,
100001497,atelteks,500,5000000,TRUE,1,100,SIMPLE,100001103,
100001499,ferghana_city_taxi,500,5000000,TRUE,1,100,SIMPLE,100001105,
100001500,allodi_onlayn,3000,2000000,TRUE,1,100,SIMPLE,100001104,
100001701,playstation_oman_store,12000,3000000,TRUE,1,100,SIMPLE,100001104,
100001704,gals_telecom,500,10000000,TRUE,1,100,SIMPLE,100001102,
100001705,taxi_1313_guliston,500,10000000,TRUE,1,100,SIMPLE,100001105,
100001706,xbox_uae,12000,3000000,TRUE,1,100,SIMPLE,100001104,
100001707,uzonline,500,2000000,TRUE,1,100,SIMPLE,100001102,
100001708,registan_taxi,500,10000000,TRUE,1,100,SIMPLE,100001105,
100001709,taxi_oson,500,10000000,TRUE,1,100,SIMPLE,100001105,
100001710,dgt,500,500000,TRUE,1,100,SIMPLE,100001102,
100001711,mustang_dostavka,1000,10000000,TRUE,1,100,SIMPLE,100001105,
100001714,adm_mega_taxi,500,10000000,TRUE,1,100,SIMPLE,100001105,
100001716,safina_24,500,10000000,TRUE,1,100,SIMPLE,100001105,
100001717,online_taxi_zhizzah,500,10000000,TRUE,1,100,SIMPLE,100001105,
100001718,atv,500,5000000,TRUE,1,100,SIMPLE,100001103,
100001719,spectrit,500,1000000,TRUE,1,100,SIMPLE,100001103,
100001498,bravo_taxi_yandex_pro,500,1000000,TRUE,1,100,SIMPLE,100001105,bravo_taxi_yandex_pro.png
100001482,riya_play,1000,10000000,TRUE,1,100,SIMPLE,100001103,riya_play.png
100001702,forever,1000,30000000,TRUE,1,100,SIMPLE,100001105,forever.png
100001495,admiral_taxi,500,10000000,TRUE,1,100,SIMPLE,100001105,admiral_taxi.png
100001481,web_taxi,500,10000000,TRUE,1,100,SIMPLE,100001105,web_taxi.png
100001713,milliy_taxi,500,5000000,TRUE,1,100,SIMPLE,100001105,milliy_taxi.png
100001712,ipak_taxi,500,1000000,TRUE,1,100,SIMPLE,100001105,ipak_taxi.png
100001496,city_line.uz,500,10000000,TRUE,1,100,SIMPLE,100001102,city_line.uz.png
100001715,free_link_ktv,500,5000000,TRUE,1,100,SIMPLE,100001103,free_link_ktv.png
100001720,makro_yetkazish,1000,10000000,TRUE,1,100,SIMPLE,100001105,
100001721,baron_taxi,500,10000000,TRUE,1,100,SIMPLE,100001105,
100001722,eco_taxi,500,1000000,TRUE,1,100,SIMPLE,100001105,
100001723,fifa_19_ultimate,12000,3000000,TRUE,1,100,SIMPLE,100001104,
100001725,taxi_1313_andijan,500,10000000,TRUE,1,100,SIMPLE,100001105,
100001726,shark_taxi,500,5000000,TRUE,1,100,SIMPLE,100001105,
100001728,itv,500,500000,TRUE,1,100,SIMPLE,100001103,
100001729,omad_taxi,500,1000000,TRUE,1,100,SIMPLE,100001105,
100001730,zoombm,500,1000000,TRUE,1,100,SIMPLE,100001105,
100001732,anguilla_and_barbuda_ag,5000,800000,TRUE,1,100,SIMPLE,100001104,
100001733,the_home_depot_usa,12000,3000000,TRUE,1,100,SIMPLE,100001104,
100001735,ntv_pljus,3000,2000000,TRUE,1,100,SIMPLE,100001104,
100001736,velox_taxi,500,10000000,TRUE,1,100,SIMPLE,100001105,
100001738,oq_sher_avto_trans,500,1000000,TRUE,1,100,SIMPLE,100001105,
100001740,baferadon,500,10000000,TRUE,1,100,SIMPLE,100001105,
100001741,banglalink_bangladesh,1000,1000000,TRUE,1,100,SIMPLE,100001104,
100001743,bilayn_gruzija,3000,1000000,TRUE,1,100,SIMPLE,100001104,
100001744,app_store_and_itunes_gift_card_canada,12000,3000000,TRUE,1,100,SIMPLE,100001104,
100001745,xtaxi,500,10000000,TRUE,1,100,SIMPLE,100001105,
100001747,boom_logistic_,1000,10000000,TRUE,1,100,SIMPLE,100001105,
100001749,malibu,500,1000000,TRUE,1,100,SIMPLE,100001105,
100001952,shohruh_taxi,500,1000000,TRUE,1,100,SIMPLE,100001105,
100001954,sms_taxi,500,10000000,TRUE,1,100,SIMPLE,100001105,
100001956,steam,3000,750000,TRUE,1,100,SIMPLE,100001104,
100001957,mandarin_taxi,500,10000000,TRUE,1,100,SIMPLE,100001105,
100001958,nano_telecom,500,500000,TRUE,1,100,SIMPLE,100001102,
100001959,royal_driver,500,10000000,TRUE,1,100,SIMPLE,100001105,
100001742,splay,1000,10000000,TRUE,1,100,SIMPLE,100001103,splay.png
100001750,royal_driver2,1000,10000000,TRUE,1,100,SIMPLE,100001105,royal_driver2.png
100001748,poytaxt_taxi,500,10000000,TRUE,1,100,SIMPLE,100001105,poytaxt_taxi.png
100001724,bek_taxi,500,1000000,TRUE,1,100,SIMPLE,100001105,bek_taxi.png
100001739,gals_telecom_ktv,500,10000000,TRUE,1,100,SIMPLE,100001103,gals_telecom_ktv.png
100001727,afrosiyob_taxi,500,10000000,TRUE,1,100,SIMPLE,100001105,afrosiyob_taxi.png
100001953,capital_telecom,500,10000000,TRUE,1,100,SIMPLE,100001102,capital_telecom.png
100001955,fibernet,500,500000,TRUE,1,100,SIMPLE,100001102,fibernet_small.png
100001951,awcc_afghanistan,10000,1000000,TRUE,1,100,SIMPLE,100001104,awcc_afghanistan.png
100001737,trikolor_tv,3000,2000000,TRUE,1,100,SIMPLE,100001104,trikolor_tv.png
100001731,google_play_uk,12000,3000000,TRUE,1,100,SIMPLE,100001104,google_play_uk.png
100001960,taxi_premium_uzb,10000,10000000,TRUE,1,100,SIMPLE,100001105,
100001962,vkontakte,15000,1500000,TRUE,1,100,SIMPLE,100001104,
100001963,biznes_taxi_3,1000,10000000,TRUE,1,100,SIMPLE,100001105,
100001968,mobile_taxi,500,10000000,TRUE,1,100,SIMPLE,100001105,
100001969,taxi_ozbegim,500,1500000,TRUE,1,100,SIMPLE,100001105,
100001970,citynet,500,1000000,TRUE,1,100,SIMPLE,100001102,
100001971,akula_taxi,500,10000000,TRUE,1,100,SIMPLE,100001105,
100001972,taximakon,500,10000000,TRUE,1,100,SIMPLE,100001105,
100001973,profi_taxi,500,10000000,TRUE,1,100,SIMPLE,100001105,
100001974,amediatv,500,10000000,TRUE,1,100,SIMPLE,100001103,
100001976,robi_axiata_bangladesh,1000,1000000,TRUE,1,100,SIMPLE,100001104,
100001977,mexanik_24,500,10000000,TRUE,1,100,SIMPLE,100001105,
100001978,google_play_uae,97000,3000000,TRUE,1,100,SIMPLE,100001104,
100001979,toshkent_drive_taxi_,500,10000000,TRUE,1,100,SIMPLE,100001105,
100001980,apelsin_taxi,500,10000000,TRUE,1,100,SIMPLE,100001105,
100001982,tezkor_taxi_qoqon,500,10000000,TRUE,1,100,SIMPLE,100001105,
100001983,matrix_mobilerossija,2000,1500000,TRUE,1,100,SIMPLE,100001104,
100001984,lime_barbados,5000,800000,TRUE,1,100,SIMPLE,100001104,
100001985,free_link,500,500000,TRUE,1,100,SIMPLE,100001102,
100001986,salik_uae,12000,3000000,TRUE,1,100,SIMPLE,100001104,
100001987,app_store_and_itunes_gift_card_italy,12000,3000000,TRUE,1,100,SIMPLE,100001104,
100001988,comfort_taxi,500,10000000,TRUE,1,100,SIMPLE,100001105,
100001989,sardor_taxi,500,1000000,TRUE,1,100,SIMPLE,100001105,
100001992,bilayn_kazahstan,3000,2000000,TRUE,1,100,SIMPLE,100001104,
100001994,itaxi,500,10000000,TRUE,1,100,SIMPLE,100001105,
100001995,taxi_plus_gulistan,500,1000000,TRUE,1,100,SIMPLE,100001105,
100001996,tesla_taxi,500,10000000,TRUE,1,100,SIMPLE,100001105,
100001999,rich_taxi,500,10000000,TRUE,1,100,SIMPLE,100001105,
100001967,magticom_gruziya,1000,1000000,TRUE,1,100,SIMPLE,100001104,magticom_gruziya.png
100001964,london_taxi,500,5000000,TRUE,1,100,SIMPLE,100001105,london_taxi.png
100001998,digicel_barbados,1000,1000000,TRUE,1,100,SIMPLE,100001104,digicel_barbados.png
100001991,vb_taxi,500,10000000,TRUE,1,100,SIMPLE,100001105,vb_taxi.png
100001975,101_xp,3000,2000000,TRUE,1,100,SIMPLE,100001104,101_xp.png
100001993,taxi_kolesa,500,1000000,TRUE,1,100,SIMPLE,100001105,taxi_kolesa.png
100001965,doda_logistic,1000,10000000,TRUE,1,100,SIMPLE,100001105,doda_logistic.png
100001966,premier_taxi_samarkand,500,10000000,TRUE,1,100,SIMPLE,100001105,premier_taxi_samarkand.png
100001981,nintendo_usa,550000,3000000,TRUE,1,100,SIMPLE,100001104,nintendo_usa.png
100001997,altel_4g_kazahstan,3000,2000000,TRUE,1,100,SIMPLE,100001104,altel_4g_kazahstan.png
100002000,grand_dostavka,1000,10000000,TRUE,1,100,SIMPLE,100001105,
100002201,pickup.uz_taxi,500,10000000,TRUE,1,100,SIMPLE,100001105,
100002203,skyline,500,500000,TRUE,1,100,SIMPLE,100001102,
100002204,taxi_like,500,1000000,TRUE,1,100,SIMPLE,100001105,
100002206,seven_sky_rossija,3000,1800000,TRUE,1,100,SIMPLE,100001104,
100002212,pcs_master_card_france,12000,3000000,TRUE,1,100,SIMPLE,100001104,
100002213,playstation_qatar_store,12000,3000000,TRUE,1,100,SIMPLE,100001104,
100002214,bt_buxoro_taxi,500,10000000,TRUE,1,100,SIMPLE,100001105,
100002216,makro_taxi,500,10000000,TRUE,1,100,SIMPLE,100001105,
100002217,skyforge,3000,2000000,TRUE,1,100,SIMPLE,100001104,
100002218,fifa_20_ultimate,12000,2000000,TRUE,1,100,SIMPLE,100001104,
100002219,mega_taxi,500,500000,TRUE,1,100,SIMPLE,100001105,
100002221,vodafone_mts_ukraina,25000,1000000,TRUE,1,100,SIMPLE,100001104,
100002222,volna_mobile_rossija,3000,1500000,TRUE,1,100,SIMPLE,100001104,
100002223,ultra_taxi,500,10000000,TRUE,1,100,SIMPLE,100001105,
100002224,comnet,500,500000,TRUE,1,100,SIMPLE,100001102,
100002225,bogishamol_taxi,500,10000000,TRUE,1,100,SIMPLE,100001105,
100002228,rishton_taxi,500,10000000,TRUE,1,100,SIMPLE,100001105,
100002232,tezkor_taxi_andijon,500,10000000,TRUE,1,100,SIMPLE,100001105,
100002233,beeline_internet,100,500000,TRUE,1,100,SIMPLE,100001102,
100002236,vostochniy_ekspress,1000,1000000,TRUE,1,100,SIMPLE,100001104,
100002237,bro_taxi,500,10000000,TRUE,1,100,SIMPLE,100001105,
100002238,legenda_nasledie_praym,3000,2000000,TRUE,1,100,SIMPLE,100001104,
100002239,navruz_taxi,500,10000000,TRUE,1,100,SIMPLE,100001105,
100002207,uzmobile,500,1500000,TRUE,1,100,SIMPLE,100001101,uzmobile.png
100002209,sultan_taxi_samarqand,500,10000000,TRUE,1,100,SIMPLE,100001105,sultan_taxi_samarqand.png
100002205,start_taxi,500,1000000,TRUE,1,100,SIMPLE,100001105,start_taxi.png
100002226,tv_turon_navoi,500,300000,TRUE,1,100,SIMPLE,100001103,tv_turon_navoi.png
100002235,razer_gold_usd,12000,3000000,TRUE,1,100,SIMPLE,100001104,razer_gold_usd.png
100002231,amazon_uae,12000,3000000,TRUE,1,100,SIMPLE,100001104,amazon_uae.png
100002229,ark_bukhara_trans,1000,10000000,TRUE,1,100,SIMPLE,100001105,ark_bukhara_trans.png
100002215,arsinform,500,1000000,TRUE,1,100,SIMPLE,100001102,arsinform.png
100002220,real_dostavka,500,10000000,TRUE,1,100,SIMPLE,100001105,real_dostavka.png
100002202,silver_telecom,500,10000000,TRUE,1,100,SIMPLE,100001102,silver_telecom.png
100002230,mts_rossija,10000,700000,TRUE,1,100,SIMPLE,100001104,mts_rossija.png
100002211,oreol,500,500000,TRUE,1,100,SIMPLE,100001103,oreol.png
100002227,bilayn_rossija,3000,1000000,TRUE,1,100,SIMPLE,100001104,bilayn_rossija.png
100002208,salom_telecom,10000,5000000,TRUE,1,100,SIMPLE,100001102,salom_telecom.png
100002240,bistroe_taksi_tashkent,500,10000000,TRUE,1,100,SIMPLE,100001105,
100002241,imkon_taxi,500,10000000,TRUE,1,100,SIMPLE,100001105,
100002242,gta_taxi,500,10000000,TRUE,1,100,SIMPLE,100001105,
100002243,ground_wartanks,3000,2000000,TRUE,1,100,SIMPLE,100001104,
100002245,ildam_haydovchi,500,10000000,TRUE,1,100,SIMPLE,100001105,
100002247,uzun_taxi,500,10000000,TRUE,1,100,SIMPLE,100001105,
100002248,real_taxi_shaxararo,500,10000000,TRUE,1,100,SIMPLE,100001105,
100002249,white_cab,500,10000000,TRUE,1,100,SIMPLE,100001105,
100002451,sola,500,5000000,TRUE,1,100,SIMPLE,100001102,
100002452,express_taxi,500,10000000,TRUE,1,100,SIMPLE,100001105,
100002456,kinopro.uz,500,100000,TRUE,1,100,SIMPLE,100001103,
100002457,taxi_online,500,1000000,TRUE,1,100,SIMPLE,100001105,
100002459,biznes_taxi_2,500,10000000,TRUE,1,100,SIMPLE,100001105,
100002461,salaam_afganistan_,1000,1000000,TRUE,1,100,SIMPLE,100001104,
100002462,mir_taxi,500,10000000,TRUE,1,100,SIMPLE,100001105,
100002463,md_taxi,500,10000000,TRUE,1,100,SIMPLE,100001105,
100002464,taxi_1313_fargona,500,10000000,TRUE,1,100,SIMPLE,100001105,
100002466,polarisgroup_taxi,500,10000000,TRUE,1,100,SIMPLE,100001105,
100002468,tezkor_taxi_24,500,10000000,TRUE,1,100,SIMPLE,100001105,
100002469,playstation_ksa_store,12000,3000000,TRUE,1,100,SIMPLE,100001104,
100002470,sadaf_taxi,500,10000000,TRUE,1,100,SIMPLE,100001105,
100002471,imperia_taxi,500,10000000,TRUE,1,100,SIMPLE,100001105,
100002472,timezero,3000,2000000,TRUE,1,100,SIMPLE,100001104,
100002473,orient_taxi,500,10000000,TRUE,1,100,SIMPLE,100001105,
100002474,number_one_taxi,500,10000000,TRUE,1,100,SIMPLE,100001105,
100002475,freshglobus,500,1000000,TRUE,1,100,SIMPLE,100001105,
100002476,lyuks_taxi,500,10000000,TRUE,1,100,SIMPLE,100001105,
100002477,hamkor_taxi,500,10000000,TRUE,1,100,SIMPLE,100001105,
100002479,mts,500,10000000,TRUE,1,100,SIMPLE,100001105,
100002460,city_taxi,500,10000000,TRUE,1,100,SIMPLE,100001105,city_taxi.png
100002465,humo_taxi,500,1000000,TRUE,1,100,SIMPLE,100001105,humo_taxi.png
100002244,ucell,500,500000,TRUE,1,100,SIMPLE,100001101,ucell.png
100002454,koinottv,500,5000000,TRUE,1,100,SIMPLE,100001102,koinottv.png
100002458,bani_gruzija,3000,4000000,TRUE,1,100,SIMPLE,100001104,bani_gruzija.png
100002467,unet,500,1000000,TRUE,1,100,SIMPLE,100001102,unet.png
100002478,dolina_taxi,500,10000000,TRUE,1,100,SIMPLE,100001105,dolina_taxi.png
100002250,pubg_mobile,10000,2000000,TRUE,1,100,SIMPLE,100001104,pubg_mobile.png
100002453,orange_botswana,500,800000,TRUE,1,100,SIMPLE,100001104,orange_botswana.png
100002246,riot,3000,2000000,TRUE,1,100,SIMPLE,100001104,riot.png
100002480,rich_dostavka,500,10000000,TRUE,1,100,SIMPLE,100001105,
100002482,azercell_azerbaijan,12000,3000000,TRUE,1,100,SIMPLE,100001104,
100002483,onix_taxi,500,10000000,TRUE,1,100,SIMPLE,100001105,
100002486,tifa_dostavka,500,10000000,TRUE,1,100,SIMPLE,100001105,
100002487,tezz_taxi_1408,10000,10000000,TRUE,1,100,SIMPLE,100001105,
100002490,tcelltadzhikistan,6000,100000,TRUE,1,100,SIMPLE,100001104,
100002491,lion_sher_taxi,500,10000000,TRUE,1,100,SIMPLE,100001105,
100002492,rostelekom_rossija,3000,3000000,TRUE,1,100,SIMPLE,100001104,
100002493,almaz_time_onson,1000,10000000,TRUE,1,100,SIMPLE,100001105,
100002494,super_taxi,500,10000000,TRUE,1,100,SIMPLE,100001105,
100002495,tele2_kazahstan,3000,2000000,TRUE,1,100,SIMPLE,100001104,
100002496,goodline_rossija,2000,1700000,TRUE,1,100,SIMPLE,100001104,
100002497,kesh_taxi,500,10000000,TRUE,1,100,SIMPLE,100001105,
100002498,playstation_uk_store,12000,3000000,TRUE,1,100,SIMPLE,100001104,
100002500,perfect_taxi,500,1000000,TRUE,1,100,SIMPLE,100001105,
100002702,fifa_21_uae,12000,3000000,TRUE,1,100,SIMPLE,100001104,
100002703,oq_sher_avto_dostavka,500,10000000,TRUE,1,100,SIMPLE,100001105,
100002704,taxi_1313_xorazm,500,10000000,TRUE,1,100,SIMPLE,100001105,
100002705,grand_taxi,500,5000000,TRUE,1,100,SIMPLE,100001105,
100002707,mega_taxi_pop,500,10000000,TRUE,1,100,SIMPLE,100001105,
100002708,dubai_taxi,500,10000000,TRUE,1,100,SIMPLE,100001105,
100002709,steam_usa,12000,3000000,TRUE,1,100,SIMPLE,100001104,
100002711,taxi_1222_fergana,500,10000000,TRUE,1,100,SIMPLE,100001105,
100002712,taxi_1313_namangan,500,10000000,TRUE,1,100,SIMPLE,100001105,
100002713,ums,500,5000000,TRUE,1,100,SIMPLE,100001101,
100002715,sultan_taxi_bukhara,500,10000000,TRUE,1,100,SIMPLE,100001105,
100002716,megafon_rossija,3000,1000000,TRUE,1,100,SIMPLE,100001104,
100002717,troetsarstvie,3000,2000000,TRUE,1,100,SIMPLE,100001104,
100002718,playstation_lebanon_store,12000,3000000,TRUE,1,100,SIMPLE,100001104,
100002481,dzhaggernaut,3000,2000000,TRUE,1,100,SIMPLE,100001104,dzhaggernaut.png
100002485,kapital_taxi,500,5000000,TRUE,1,100,SIMPLE,100001105,kapital_taxi.png
100002484,stark_tv_telecom,500,50000000,TRUE,1,100,SIMPLE,100001102,stark_tv_telecom.png
100002489,sirius_telecom,500,10000000,TRUE,1,100,SIMPLE,100001102,sirius_telecom.png
100002701,unlimited_telecom,500,10000000,TRUE,1,100,SIMPLE,100001102,unlimited_telecom.png
100002706,taxi_cardin,1000,10000000,TRUE,1,100,SIMPLE,100001105,taxi_cardin.png
100002710,ti_fa,500,500000,TRUE,1,100,SIMPLE,100001105,ti_fa.png
100002714,ksell_kazahstan,3000,2000000,TRUE,1,100,SIMPLE,100001104,ksell_kazahstan.png
100002499,bonur,500,5000000,TRUE,1,100,SIMPLE,100001105,bonur.png
100002721,globalcell_gruzija,3000,1000000,TRUE,1,100,SIMPLE,100001104,
100002722,cashlib_france,12000,3000000,TRUE,1,100,SIMPLE,100001104,
100002724,taxi_1313_navoiy,500,10000000,TRUE,1,100,SIMPLE,100001105,
100002725,netco,500,500000,TRUE,1,100,SIMPLE,100001102,
100002727,app_store_and_itunes_gift_card_uae,12000,3000000,TRUE,1,100,SIMPLE,100001104,
100002730,tps,500,500000,TRUE,1,100,SIMPLE,100001102,
100002731,jaguar_taxi,1000,10000000,TRUE,1,100,SIMPLE,100001105,
100002732,milliy_dostavka,1000,10000000,TRUE,1,100,SIMPLE,100001105,
100002733,taxi_bravo_1415,500,10000000,TRUE,1,100,SIMPLE,100001105,
100002734,xalq_taxi,500,1000000,TRUE,1,100,SIMPLE,100001105,
100002739,turbo_taxi,500,10000000,TRUE,1,100,SIMPLE,100001105,
100002744,vinusat_international,1000,10000000,TRUE,1,100,SIMPLE,100001103,
100002745,miniigri,3000,2000000,TRUE,1,100,SIMPLE,100001104,
100002747,anguilla_angilja,5000,800000,TRUE,1,100,SIMPLE,100001104,
100002748,online_taxi_andizhon,500,10000000,TRUE,1,100,SIMPLE,100001105,
100002749,alibaba_taxi,500,10000000,TRUE,1,100,SIMPLE,100001105,
100002952,free_taxi,500,1000000,TRUE,1,100,SIMPLE,100001105,
100002953,guliston_lider_taxi,500,10000000,TRUE,1,100,SIMPLE,100001105,
100002954,taxi_effect,500,10000000,TRUE,1,100,SIMPLE,100001105,
100002955,master_dostavka,1000,10000000,TRUE,1,100,SIMPLE,100001105,
100002956,assofa_taxi,500,10000000,TRUE,1,100,SIMPLE,100001105,
100002957,yakka_taxi,10000,10000000,TRUE,1,100,SIMPLE,100001105,
100002958,simtravelrossija,5000,2200000,TRUE,1,100,SIMPLE,100001104,
100002959,taxi_1313_jizzax,500,10000000,TRUE,1,100,SIMPLE,100001105,
100002951,soyuz,1000,30000000,TRUE,1,100,SIMPLE,100001105,soyuz.png
100002720,playstation_bahrain_store,12000,3000000,TRUE,1,100,SIMPLE,100001104,playstation_bahrain_store.png
100002736,real_taxi_plus,500,1000000,TRUE,1,100,SIMPLE,100001105,real_taxi_plus.png
100002743,sharq_telekom,100,500000,TRUE,1,100,SIMPLE,100001102,sharq_telekom.png
100002728,allnet,500,10000000,TRUE,1,100,SIMPLE,100001102,allnet.png
100002729,davr_taxi,500,10000000,TRUE,1,100,SIMPLE,100001105,davr_taxi.png
100002738,online_taxi_oltiarikkuva,500,10000000,TRUE,1,100,SIMPLE,100001105,online_taxi_oltiarikkuva.png
100002723,megafon_tadzhikistan,3000,1000000,TRUE,1,100,SIMPLE,100001104,megafon_tadzhikistan.png
100002746,samo_taxi,500,5000000,TRUE,1,100,SIMPLE,100001105,samo_taxi.png
100002726,yogdu_tv,500,10000000,TRUE,1,100,SIMPLE,100001103,yogdu_tv.png
100002742,ars_net,1000,10000000,TRUE,1,100,SIMPLE,100001102,ars_net.png
100002741,revelation_new,3000,2000000,TRUE,1,100,SIMPLE,100001104,revelation_new.png
100002740,millenium_taxi,500,5000000,TRUE,1,100,SIMPLE,100001105,millenium_taxi.png
100002735,xbox_ksa,12000,3000000,TRUE,1,100,SIMPLE,100001104,xbox_ksa.png
100002962,megacom_kirgizstan,3000,100000,TRUE,1,100,SIMPLE,100001104,
100002963,beeline,500,1500000,TRUE,1,100,SIMPLE,100001101,
100002966,artv_union,500,10000000,TRUE,1,100,SIMPLE,100001102,
100002967,elite_motors,500,10000000,TRUE,1,100,SIMPLE,100001105,
100002969,google_play_usa,1140000,3000000,TRUE,1,100,SIMPLE,100001104,
100002970,raypo_wifi,500,5000000,TRUE,1,100,SIMPLE,100001102,
100002971,dur_taxi,500,10000000,TRUE,1,100,SIMPLE,100001105,
100002972,sultan_taxi_tashkent,500,10000000,TRUE,1,100,SIMPLE,100001105,
100002974,trend_taxi,1000,10000000,TRUE,1,100,SIMPLE,100001105,
100002975,gumbaz_taxi,500,10000000,TRUE,1,100,SIMPLE,100001105,
100002976,sputnik_taxi,500,10000000,TRUE,1,100,SIMPLE,100001105,
100002977,sarkortelecom,500,5000000,TRUE,1,100,SIMPLE,100001102,
100002978,mediabay.uz,500,200000,TRUE,1,100,SIMPLE,100001103,
100002982,safari_taxi,500,10000000,TRUE,1,100,SIMPLE,100001105,
100002983,west_taxi_go,500,10000000,TRUE,1,100,SIMPLE,100001105,
100002985,xon_taxi,500,10000000,TRUE,1,100,SIMPLE,100001105,
100002986,pay_safe_cardfrance,12000,3000000,TRUE,1,100,SIMPLE,100001104,
100002987,pro_taxi,500,5000000,TRUE,1,100,SIMPLE,100001105,
100002988,lite_taxi,500,10000000,TRUE,1,100,SIMPLE,100001105,
100002989,amazon_uk,12000,3000000,TRUE,1,100,SIMPLE,100001104,
100002991,arknet,1000,5000000,TRUE,1,100,SIMPLE,100001102,
100002992,999_taxi,500,10000000,TRUE,1,100,SIMPLE,100001105,
100002993,united_mobile_payment,2000,1800000,TRUE,1,100,SIMPLE,100001104,
100002994,aloqa_paynet,500,10000000,TRUE,1,100,SIMPLE,100001105,
100002995,imvu,12000,3000000,TRUE,1,100,SIMPLE,100001104,
100002996,horse_power,500,1000000,TRUE,1,100,SIMPLE,100001105,
100002998,lochin_taxi,500,10000000,TRUE,1,100,SIMPLE,100001105,
100003000,life_ukraina,3000,1000000,TRUE,1,100,SIMPLE,100001104,
100002990,asia_taxi,500,10000000,TRUE,1,100,SIMPLE,100001105,asia_taxi.png
100002968,smart_taxi,500,1000000,TRUE,1,100,SIMPLE,100001105,smart_taxi.png
100002980,app_store_and_itunes_gift_card_uk,12000,3000000,TRUE,1,100,SIMPLE,100001104,app_store_and_itunes_gift_card_uk.png
100002960,warthunder,3000,2000000,TRUE,1,100,SIMPLE,100001104,warthunder.png
100002973,steam_saudi,12000,3000000,TRUE,1,100,SIMPLE,100001104,steam_saudi.png
100002997,alfa_taxi,500,10000000,TRUE,1,100,SIMPLE,100001105,alfa_taxi.png
100002979,skype,3000,5000000,TRUE,1,100,SIMPLE,100001104,skype.png
100002965,micro_logistics_,1000,10000000,TRUE,1,100,SIMPLE,100001105,micro_logistics_.png
100002999,uzdigitaltv,500,500000,TRUE,1,100,SIMPLE,100001103,uzdigitaltv.png
100002984,mtn_afganistan,1000,1000000,TRUE,1,100,SIMPLE,100001104,mtn_afganistan.png
100003201,gold_999_taxi,500,10000000,TRUE,1,100,SIMPLE,100001105,
100003202,xazina_taxi,500,10000000,TRUE,1,100,SIMPLE,100001105,
100003203,ilink,500,10000000,TRUE,1,100,SIMPLE,100001102,
100003205,amobail_abhazija,2000,1800000,TRUE,1,100,SIMPLE,100001104,
100003206,etisalat_afganistan,1000,1000000,TRUE,1,100,SIMPLE,100001104,
100003207,urban_taxi,500,1000000,TRUE,1,100,SIMPLE,100001105,
100003208,taxi_real_fergana,500,10000000,TRUE,1,100,SIMPLE,100001105,
100003209,taxi_1080,500,10000000,TRUE,1,100,SIMPLE,100001105,
100003211,activ_kazahstan,3000,2000000,TRUE,1,100,SIMPLE,100001104,
100003212,istv,500,500000,TRUE,1,100,SIMPLE,100001102,
100003213,ark,500,10000000,TRUE,1,100,SIMPLE,100001105,
100003214,voyna_prestolov,3000,2000000,TRUE,1,100,SIMPLE,100001104,
100003215,fortnite_usa,460000,3000000,TRUE,1,100,SIMPLE,100001104,
100003216,novza_taxi,500,10000000,TRUE,1,100,SIMPLE,100001105,
100003217,tanki_online,3000,2000000,TRUE,1,100,SIMPLE,100001104,
100003220,o_nurtelekom_kirgizstan,3000,100000,TRUE,1,100,SIMPLE,100001104,
100003221,net,500,10000000,TRUE,1,100,SIMPLE,100001102,
100056858,telegraf,0,0,TRUE,1,100,SIMPLE,100056762,telegraf.png
100056851,eauksion,500,3366000,TRUE,1,100,AMOUNT_DICTATOR,100056752,
100056852,lebara_australia,10000,3000000,TRUE,1,100,SIMPLE,100001104,
100056853,protestim,500,10000000,TRUE,1,100,SIMPLE,100056755,
100056854,vodi_lombard,500,10000000,TRUE,1,100,AMOUNT_DICTATOR,100056760,
100056856,goys,500,10000000,TRUE,1,100,SIMPLE,100056759,
100056857,samarkandskiy_gosudarstvenniy_institut_inostrannih_jazikov,500,15000000,TRUE,1,100,AMOUNT_DICTATOR,100056755,
100056860,berserk_vozrozhdenie,12000,3000000,TRUE,1,100,SIMPLE,100001104,
100056861,bgmiiaais,500,15000000,TRUE,1,100,AMOUNT_DICTATOR,100056755,
100056862,xazrat_ali_jome_masjidi,500,10000000,TRUE,1,100,SIMPLE,100056759,
100056863,qoshqorgon_jome_masjidi,500,10000000,TRUE,1,100,SIMPLE,100056759,
100056865,qoyliqota_jome_masjidi,500,10000000,TRUE,1,100,SIMPLE,100056759,
100056866,xoja_axror_vali_jome_masjidi,500,10000000,TRUE,1,100,SIMPLE,100056759,
100056867,karshinskiy_gosudarstvenniy_universitet,500,15000000,TRUE,1,100,AMOUNT_DICTATOR,100056755,
100003204,vodiy_lyuks,500,10000000,TRUE,1,100,SIMPLE,100001105,vodiy_lyuks.png
100003219,bonus_taxi,500,1500000,TRUE,1,100,SIMPLE,100001105,bonus_taxi.png
100056855,cubacel_cuba,12000,3000000,TRUE,1,100,SIMPLE,100001104,cubacel_cuba.png
100056864,entel_chile,12000,3000000,TRUE,1,100,SIMPLE,100001104,entel_chile.png
100003218,evo,500,1000000,TRUE,1,100,SIMPLE,100001102,evo.png
100003210,exim_trans_logistics,1000,10000000,TRUE,1,100,SIMPLE,100001105,exim_trans_logistics.png
100056859,rogers_canada,12000,3000000,TRUE,1,100,SIMPLE,100001104,rogers_canada.png
100056868,edurent.uz,500,10000000,TRUE,1,100,SIMPLE,100056755,
100056870,natsionalniy_issledovatelskiy_universitet_tiii_i_msh,500,15000000,TRUE,1,100,AMOUNT_DICTATOR,100056755,
100056873,royal_quest_rus_server,12000,3000000,TRUE,1,100,SIMPLE,100001104,
100056874,valixoja_ogli_norxoja_jome_masjidi,500,10000000,TRUE,1,100,SIMPLE,100056759,
100056875,asia_school_doshkolnoe_obrazovanie,1000,30000000,TRUE,1,100,SIMPLE,100056755,
100056877,abduxamid_xoji_jome_masjidi,500,10000000,TRUE,1,100,SIMPLE,100056759,
100056879,koodo_canada,12000,3000000,TRUE,1,100,SIMPLE,100001104,
100056881,art_of_war_2,12000,3000000,TRUE,1,100,SIMPLE,100001104,
100056882,kalina_kredit_lombard,500,10000000,TRUE,1,100,AMOUNT_DICTATOR,100056760,
100056883,modnitsi,12000,3000000,TRUE,1,100,SIMPLE,100001104,
100056884,oltin_yulduz_plus_mmt,500,10000000,TRUE,1,100,AMOUNT_DICTATOR,100056760,
100056885,eruglik,500,10000000,TRUE,1,100,SIMPLE,100056759,
100056886,udivitelniy_kolhoz,12000,3000000,TRUE,1,100,SIMPLE,100001104,
100056887,bgubuharskiy_gosudarstvenniy_universitet,500,15000000,TRUE,1,100,AMOUNT_DICTATOR,100056755,
100056888,katta_qozirabod_jome_masjidi,500,10000000,TRUE,1,100,SIMPLE,100056759,
100056889,minor_jome_masjidi,500,10000000,TRUE,1,100,SIMPLE,100056759,
100056890,karshinskiy_inzhenernoekonomicheskiy_institut,500,15000000,TRUE,1,100,AMOUNT_DICTATOR,100056755,
100056891,hraniteli_kart_i_magii,12000,3000000,TRUE,1,100,SIMPLE,100001104,
100056892,tbc_rassrochka,500,3000000,TRUE,1,100,AMOUNT_DICTATOR,100056761,
100056893,app_store_and_itunes_gift_card_usa,12000,3000000,TRUE,1,100,SIMPLE,100001104,
100056895,vivo_brazil,10000,3000000,TRUE,1,100,SIMPLE,100001104,
100056896,wom_chile,12000,3000000,TRUE,1,100,SIMPLE,100001104,
100056899,ali_ibn_abu_tolib_jome_masjidi,500,10000000,TRUE,1,100,SIMPLE,100056759,
100056900,clever_mikromoliya_tashkiloti,500,10000000,TRUE,1,100,AMOUNT_DICTATOR,100056760,
100057103,tguujil,500,15000000,TRUE,1,100,AMOUNT_DICTATOR,100056755,
100057105,newton,1000,10000000,TRUE,1,100,SIMPLE,100056755,
100056878,qbcube_cambodia,10000,3000000,TRUE,1,100,SIMPLE,100001104,qbcube_cambodia.png
100056872,cash_u,500,100000000,TRUE,1,100,AMOUNT_DICTATOR,100056760,cash_u.png
100056898,sabr_mikrokredit,1000,100000000,TRUE,1,100,AMOUNT_DICTATOR,100056760,sabr_mikrokredit.png
100057102,entel_bolivia,10000,3000000,TRUE,1,100,SIMPLE,100001104,entel_bolivia.png
100057104,talk_home_france,12000,3000000,TRUE,1,100,SIMPLE,100001104,talk_home_france.png
100056871,mvd_ovir,500,6000000,TRUE,1,100,AMOUNT_DICTATOR,100056752,mvd_ovir.png
100057101,uzimei,500,10000000,TRUE,1,100,SIMPLE,100056752,uzimei.png
100056897,movicel_angola,10000,3000000,TRUE,1,100,SIMPLE,100001104,movicel_angola.png
100056869,roboss,500,10000000,TRUE,1,100,SIMPLE,100056755,roboss.png
100056880,digicel_el_salvador,12000,3000000,TRUE,1,100,SIMPLE,100001104,digicel_el_salvador.png
100057106,sasktel_canada,12000,3000000,TRUE,1,100,SIMPLE,100001104,sasktel_canada.png
100057107,dombrabod_jome_masjidi,500,10000000,TRUE,1,100,SIMPLE,100056759,
100057108,delta,500,10000000,TRUE,1,100,AMOUNT_DICTATOR,100056760,
100057109,fonic_germany,12000,3000000,TRUE,1,100,SIMPLE,100001104,
100057110,telefonia_fija_pospago_etecsa_cuba,12000,3000000,TRUE,1,100,SIMPLE,100001104,
100057112,ubay_ibn_kab_jome_masjidi,500,10000000,TRUE,1,100,SIMPLE,100056759,
100057114,xasanxon_qori_jome_masjidi,500,10000000,TRUE,1,100,SIMPLE,100056759,
100057116,metfone_cambodia,10000,3000000,TRUE,1,100,SIMPLE,100001104,
100057120,popolnenija_kazahstanskih_kart_,300000,5500000,TRUE,1,100,AMOUNT_DICTATOR,100056753,
100057121,spaces,12000,3000000,TRUE,1,100,SIMPLE,100001104,
100057125,andizhanskiy_gosudarstvenniy_universitet,500,15000000,TRUE,1,100,AMOUNT_DICTATOR,100056755,
100057126,safo_jome_masjidi,500,10000000,TRUE,1,100,SIMPLE,100056759,
100057128,virgin_mobile_colombia,12000,3000000,TRUE,1,100,SIMPLE,100001104,
100057130,lucky_mobile_canada,12000,3000000,TRUE,1,100,SIMPLE,100001104,
100057132,blau_germany,12000,3000000,TRUE,1,100,SIMPLE,100001104,
100057133,said_vaqqos_ota_jome_masjidi,500,10000000,TRUE,1,100,SIMPLE,100056759,
100057134,salamfinance,500,10000000,TRUE,1,100,AMOUNT_DICTATOR,100056760,
100057136,nauta_cuba,12000,3000000,TRUE,1,100,SIMPLE,100001104,
100057138,tashkentskiy_gosudarstvenniy_institut_vostokovedenija,500,15000000,TRUE,1,100,AMOUNT_DICTATOR,100056755,
100057141,norbekov,500,10000000,TRUE,1,100,AMOUNT_DICTATOR,100056755,
100057142,vodafone_australia,10000,3000000,TRUE,1,100,SIMPLE,100001104,
100057143,alokabank_oplata_po_rekvizitam,1000,150000000,TRUE,1,100,AMOUNT_DICTATOR,100056753,
100057144,mvd_oplata_shtrafov_uzemi,500,6000000,TRUE,1,100,AMOUNT_DICTATOR,100056752,
100057115,namanganskiy_inzhenernotehnologicheskiy_institut,500,15000000,TRUE,1,100,AMOUNT_DICTATOR,100056755,namanganskiy_inzhenernotehnologicheskiy_institut.png
100057122,alif_nasiya,500,100000000,TRUE,1,100,AMOUNT_DICTATOR,100056761,alif_nasiya.png
100057129,orange_democratic_republic_of_the_congo,12000,3000000,TRUE,1,100,SIMPLE,100001104,orange_democratic_republic_of_the_congo.png
100057123,movistar_argentina,10000,3000000,TRUE,1,100,SIMPLE,100001104,movistar_argentina.png
100057118,china_mobile_china,12000,3000000,TRUE,1,100,SIMPLE,100001104,china_mobile_china.png
100057135,gamcel_gambia,12000,3000000,TRUE,1,100,SIMPLE,100001104,gamcel_gambia.png
100057119,lost_magic,12000,3000000,TRUE,1,100,SIMPLE,100001104,lost_magic.png
100057124,lyca_france,12000,3000000,TRUE,1,100,SIMPLE,100001104,lyca_france.png
100057127,termezskiy_gosudarstvenniy_universitet,500,15000000,TRUE,1,100,AMOUNT_DICTATOR,100056755,termezskiy_gosudarstvenniy_universitet.png
100057137,andizhanskiy_mashinostroitelniy_institut,500,15000000,TRUE,1,100,AMOUNT_DICTATOR,100056755,andizhanskiy_mashinostroitelniy_institut
100057131,orange_cameroon,10000,3000000,TRUE,1,100,SIMPLE,100001104,orange_cameroon.png
100057139,sparta_voyna_imperiy,12000,3000000,TRUE,1,100,SIMPLE,100001104,sparta_voyna_imperiy.png
100057117,prijut_dlja_bezdomnih_zhivotnih_haet,500,10000000,TRUE,1,100,SIMPLE,100056759,prijut_dlja_bezdomnih_zhivotnih_haet.png
100057145,novza_jome_masjidi,500,10000000,TRUE,1,100,SIMPLE,100056759,
100057146,vtr_chile,12000,3000000,TRUE,1,100,SIMPLE,100001104,
100057148,tjurma_noviy_srok,12000,3000000,TRUE,1,100,SIMPLE,100001104,
100057149,oson_identifikatsija,0,0,TRUE,1,100,SIMPLE,100056758,
100057150,digi_belize,10000,3000000,TRUE,1,100,SIMPLE,100001104,
100057351,agentstvo_po_otsenke_znaniy_i_kvalifikatsiy_dtm,500,6000000,TRUE,1,100,AMOUNT_DICTATOR,100056752,
100057354,mtn_cameroon,12000,3000000,TRUE,1,100,SIMPLE,100001104,
100057355,base_germany,12000,3000000,TRUE,1,100,SIMPLE,100001104,
100057356,nar_azerbaijan,10000,3000000,TRUE,1,100,SIMPLE,100001104,
100057358,ideal_kredit,500,10000000,TRUE,1,100,AMOUNT_DICTATOR,100056760,
100057359,paygambar_ota_tarixiy_memoriy_ziyoratgohi,1000,50000000,TRUE,1,100,SIMPLE,100056759,
100057360,flow_barbados,10000,3000000,TRUE,1,100,SIMPLE,100001104,
100057361,microfin,500,10000000,TRUE,1,100,AMOUNT_DICTATOR,100056760,
100057362,nukus_primedistribution,1000,100000000,TRUE,1,100,AMOUNT_DICTATOR,100056763,
100057364,yakkasaroy_jome_masjidi,500,10000000,TRUE,1,100,SIMPLE,100056759,
100057366,optus_australia,10000,3000000,TRUE,1,100,SIMPLE,100001104,
100057367,andijon_shahar_ishga_marhamat_monomarkazi,153000,10000000,TRUE,1,100,SIMPLE,100056755,
100057369,muntik_bobo_jome_masjidi,500,10000000,TRUE,1,100,SIMPLE,100056759,
100057370,movistar_ecuador,12000,3000000,TRUE,1,100,SIMPLE,100001104,
100057371,albadr_jome_masjidi,500,10000000,TRUE,1,100,SIMPLE,100056759,
100057373,geroi,12000,3000000,TRUE,1,100,SIMPLE,100001104,
100057374,sirojsolih_jome_masjidi,500,10000000,TRUE,1,100,SIMPLE,100056759,
100057376,kozi_ojizlar_jome_masjidi,500,10000000,TRUE,1,100,SIMPLE,100056759,
100057377,xolid_ibn_valid_jome_masjidi,500,10000000,TRUE,1,100,SIMPLE,100056759,
100057378,orange_belgium,10000,3000000,TRUE,1,100,SIMPLE,100001104,
100057380,nugoy_qorgon_jome_masjidi,500,10000000,TRUE,1,100,SIMPLE,100056759,
100057381,united_mobile_payment_georgia,12000,3000000,TRUE,1,100,SIMPLE,100001104,
100057382,perspective_global_invest,500,10000000,TRUE,1,100,AMOUNT_DICTATOR,100056760,
100057383,oltin_tepa_jome_masjidi,500,10000000,TRUE,1,100,SIMPLE,100056759,
100057353,natsionalniy_universitet_uzbekistana_mirzo_ulugbeka,500,15000000,TRUE,1,100,AMOUNT_DICTATOR,100056755,natsionalniy_universitet_uzbekistana_mirzo_ulugbeka.png
100057368,legendi_drevnih,12000,3000000,TRUE,1,100,SIMPLE,100001104,legendi_drevnih.png
100057375,tuenti_ecuador,12000,3000000,TRUE,1,100,SIMPLE,100001104,tuenti_ecuador.png
100057357,mehrli_qollar,500,5000000,TRUE,1,100,SIMPLE,100056759,mehrli_qollar.png
100057363,gtk_propusknie_punkti_na_gos_granitse,500,3000000,TRUE,1,100,AMOUNT_DICTATOR,100056752,gtk_propusknie_punkti_na_gos_granitse.png
100057379,tigo_bolivia,10000,3000000,TRUE,1,100,SIMPLE,100001104,tigo_bolivia.png
100057365,devjat_drakonov,12000,3000000,TRUE,1,100,SIMPLE,100001104,devjat_drakonov.png
100057384,tamozhnja_oplata_za_tonirovka_zar.avto,1000,3000000,TRUE,1,100,AMOUNT_DICTATOR,100056752,
100057386,danweek_funding_mikromoliya_tashkiloti,500,10000000,TRUE,1,100,AMOUNT_DICTATOR,100056760,
100057387,abu_saxiy_jome_masjidi,500,10000000,TRUE,1,100,SIMPLE,100056759,
100057388,etb_colombia,12000,3000000,TRUE,1,100,SIMPLE,100001104,
100057389,sahovatnamangan,500,10000000,TRUE,1,100,SIMPLE,100056759,
100057392,sfr_france,12000,3000000,TRUE,1,100,SIMPLE,100001104,
100057393,choshtepa_jome_masjidi,500,10000000,TRUE,1,100,SIMPLE,100056759,
100057394,tashkentskiy_gosudarstvenniy_pedagogicheskiy_universitet,500,15000000,TRUE,1,100,AMOUNT_DICTATOR,100056755,
100057395,creditexpress.uz,500,5000000,TRUE,1,100,SIMPLE,100056761,
100057396,flow_antigua,10000,3000000,TRUE,1,100,SIMPLE,100001104,
100057397,telecom_bhutan,10000,3000000,TRUE,1,100,SIMPLE,100001104,
100057398,kul_xoja_axmad_yassaviy_jome_masjidi,500,10000000,TRUE,1,100,SIMPLE,100056759,
100057601,lombard_gazalkent_kredit,500,10000000,TRUE,1,100,AMOUNT_DICTATOR,100056760,
100057602,lombard_svetlanakredit,500,10000000,TRUE,1,100,AMOUNT_DICTATOR,100056760,
100057603,navoiyskiy_gosudarstvenniy_pedagogicheskiy_institut,500,15000000,TRUE,1,100,AMOUNT_DICTATOR,100056755,
100057604,virtualnaja_rossija,12000,3000000,TRUE,1,100,SIMPLE,100001104,
100057605,kolonizatori,12000,3000000,TRUE,1,100,SIMPLE,100001104,
100057606,batelco_bahrain,10000,3000000,TRUE,1,100,SIMPLE,100001104,
100057608,nosirxon_jome_masjidi,500,10000000,TRUE,1,100,SIMPLE,100056759,
100057609,afina_finance_lombard,500,10000000,TRUE,1,100,AMOUNT_DICTATOR,100056760,
100057610,islom_ota_jome_masjidi,500,10000000,TRUE,1,100,SIMPLE,100056759,
100057612,congstar_ebay_germany,12000,3000000,TRUE,1,100,SIMPLE,100001104,
100057613,fyve_germany,12000,3000000,TRUE,1,100,SIMPLE,100001104,
100057615,lyca_mobile_australia,10000,3000000,TRUE,1,100,SIMPLE,100001104,
100057616,gladiators,12000,3000000,TRUE,1,100,SIMPLE,100001104,
100057618,shayx_muxammad_sodiq_muxammad_yusuf_jome_masjidi,500,10000000,TRUE,1,100,SIMPLE,100056759,
100057620,teletalk_bangladesh,10000,3000000,TRUE,1,100,SIMPLE,100001104,
100057622,affected_zone_tactics,12000,3000000,TRUE,1,100,SIMPLE,100001104,affected_zone_tactics.png
100057399,gosy_tamozh_komitet,500,3000000,TRUE,1,100,AMOUNT_DICTATOR,100056752,gosy_tamozh_komitet.png
100057617,playstation_usa_store,12000,3000000,TRUE,1,100,SIMPLE,100001104,playstation_usa_store.png
100057385,galaxy,12000,3000000,TRUE,1,100,SIMPLE,100001104,galaxy.png
100057607,the_litlle_wise_mtm,1000,10000000,TRUE,1,100,AMOUNT_DICTATOR,100056755,the_litlle_wise_mtm.png
100057400,sadovniki,12000,3000000,TRUE,1,100,SIMPLE,100001104,sadovniki.png
100057391,tehnomagija,12000,3000000,TRUE,1,100,SIMPLE,100001104,tehnomagija.png
100057390,grani_realnosti,12000,3000000,TRUE,1,100,SIMPLE,100001104,grani_realnosti.png
100057621,vaqf.uz,500,10000000,TRUE,1,100,SIMPLE,100056759,vaqf.uz.png
100057623,chirchiq_kredit,500,10000000,TRUE,1,100,AMOUNT_DICTATOR,100056760,
100057624,universitet_mirovoy_ekonomiki_i_diplomatii,500,15000000,TRUE,1,100,AMOUNT_DICTATOR,100056755,
100057625,gozal_jome_masjidi,500,10000000,TRUE,1,100,SIMPLE,100056759,
100057626,lombard_kibray_kredit,500,10000000,TRUE,1,100,AMOUNT_DICTATOR,100056760,
100057627,telsur_chile,12000,3000000,TRUE,1,100,SIMPLE,100001104,
100057628,turon_zarmed_universiteti,500,10000000,TRUE,1,100,SIMPLE,100056755,
100057629,buharskiy_inzhenernotehnologicheskiy_institut,500,15000000,TRUE,1,100,AMOUNT_DICTATOR,100056755,
100057631,ice_kings,12000,3000000,TRUE,1,100,SIMPLE,100001104,
100057633,agroinspektsija,1000,2000000,TRUE,1,100,AMOUNT_DICTATOR,100056752,
100057634,snjatie_nalichnih_sredstv,3000,10000000,TRUE,1,100,AMOUNT_DICTATOR,100056753,
100057635,amir_finans,500,10000000,TRUE,1,100,SIMPLE,100056761,
100057636,bouygues_france,12000,3000000,TRUE,1,100,SIMPLE,100001104,
100057637,abdulloh_ibn_masud_jome_masjidi,500,10000000,TRUE,1,100,SIMPLE,100056759,
100057641,onatel_burkina_faso,10000,3000000,TRUE,1,100,SIMPLE,100001104,
100057642,lombard_avangardkredit,500,10000000,TRUE,1,100,AMOUNT_DICTATOR,100056760,
100057644,alxudaybiya_jome_masjidi,500,10000000,TRUE,1,100,SIMPLE,100056759,
100057645,kokandskiy_gosudarstvenniy_pedagogicheskiy_institut,500,15000000,TRUE,1,100,AMOUNT_DICTATOR,100056755,
100057647,uzbekskiy_gosudarstvenniy_institut_iskusstv_i_kulturi,500,15000000,TRUE,1,100,AMOUNT_DICTATOR,100056755,
100057648,mobiho_france,12000,3000000,TRUE,1,100,SIMPLE,100001104,
100057649,gosudarstvennaja_akademija_horeografii_uzbekistana,500,15000000,TRUE,1,100,AMOUNT_DICTATOR,100056755,
100057650,astral_heroes,12000,3000000,TRUE,1,100,SIMPLE,100001104,
100057851,kuntesti,500,10000000,TRUE,1,100,SIMPLE,100056755,
100057852,alfa_mikromoliya_tashkiloti,500,10000000,TRUE,1,100,AMOUNT_DICTATOR,100056760,
100057853,hunarda,500,10000000,TRUE,1,100,SIMPLE,100056755,
100057854,aliv_bahamas,10000,3000000,TRUE,1,100,SIMPLE,100001104,
100057855,natsionalniy_institut_hudozhestv_i_dizayna,500,15000000,TRUE,1,100,AMOUNT_DICTATOR,100056755,
100057858,elmakon,500,10000000,TRUE,1,100,AMOUNT_DICTATOR,100056761,
100057859,maqsad_finance,500,10000000,TRUE,1,100,AMOUNT_DICTATOR,100056760,
100057638,fantastic_fishing,12000,3000000,TRUE,1,100,SIMPLE,100001104,fantastic_fishing.png
100057640,qcell_gambia,12000,3000000,TRUE,1,100,SIMPLE,100001104,qcell_gambia.png
100057646,telma_comoros,12000,3000000,TRUE,1,100,SIMPLE,100001104,telma_comoros.png
100057632,kolbi_costa_rica,12000,3000000,TRUE,1,100,SIMPLE,100001104,kolbi_costa_rica.png
100057639,movistar_el_salvador,12000,3000000,TRUE,1,100,SIMPLE,100001104,movistar_el_salvador.png
100057643,moov_benin,10000,3000000,TRUE,1,100,SIMPLE,100001104,moov_benin.png
100057857,tigo_imparables_el_salvador,12000,3000000,TRUE,1,100,SIMPLE,100001104,tigo_imparables_el_salvador.png
100057856,navoiyskiy_gosudarstvenniy_gorniy_institut,500,15000000,TRUE,1,100,AMOUNT_DICTATOR,100056755,navoiyskiy_gosudarstvenniy_gorniy_institut.png
100057860,ishga_marhamat,1000,30000000,TRUE,1,100,SIMPLE,100056755,
100057861,lombard_tashkredit,500,2999000,TRUE,1,100,AMOUNT_DICTATOR,100056760,
100057862,digicel_fiji,12000,3000000,TRUE,1,100,SIMPLE,100001104,
100057863,mechet_zangiota,500,10000000,TRUE,1,100,SIMPLE,100056759,
100057864,hayot_invest_mikromoliya_tashkiloti,500,10000000,TRUE,1,100,AMOUNT_DICTATOR,100056760,
100057865,samarkandskiy_gosudarstvenniy_arhitekturnostroitelniy_institut,500,15000000,TRUE,1,100,AMOUNT_DICTATOR,100056755,
100057866,tashkentskiy_gosudarstvenniy_transportniy_universitet,500,15000000,TRUE,1,100,AMOUNT_DICTATOR,100056755,
100057867,gos.vet_kontrol_na_gos_granitse_i_transporte,1000,3000000,TRUE,1,100,AMOUNT_DICTATOR,100056752,
100057869,comores_telecom_comoros,12000,3000000,TRUE,1,100,SIMPLE,100001104,
100057870,samarkandskiy_gosudarstvenniy_meditsinskiy_institut,500,15000000,TRUE,1,100,AMOUNT_DICTATOR,100056755,
100057871,neboskrebi,12000,3000000,TRUE,1,100,SIMPLE,100001104,
100057873,mehrli_insonlar,500,10000000,TRUE,1,100,SIMPLE,100056759,
100057874,amobail_georgia,12000,3000000,TRUE,1,100,SIMPLE,100001104,
100057876,hamkor_kredit,500,10000000,TRUE,1,100,AMOUNT_DICTATOR,100056760,
100057877,lombard_yangibozor_kredit,500,10000000,TRUE,1,100,AMOUNT_DICTATOR,100056760,
100057878,ishonch_mikrofinance_mikrokredit_tashkiloti,500,10000000,TRUE,1,100,AMOUNT_DICTATOR,100056760,
100057880,infinity_point,500,100000000,TRUE,1,100,SIMPLE,100056755,
100057882,africell_democratic_republic_of_the_congo,12000,3000000,TRUE,1,100,SIMPLE,100001104,
100057884,telus_mobility_canada,12000,3000000,TRUE,1,100,SIMPLE,100001104,
100057888,super_gonki,12000,3000000,TRUE,1,100,SIMPLE,100001104,
100057889,shayx_ziyovuddinxon_jome_masjidi,500,10000000,TRUE,1,100,SIMPLE,100056759,
100057890,nayuta,500,10000000,TRUE,1,100,AMOUNT_DICTATOR,100056760,
100057891,impertsi,12000,3000000,TRUE,1,100,SIMPLE,100001104,
100057894,renesans_mikromoliya_tashkiloti,500,10000000,TRUE,1,100,AMOUNT_DICTATOR,100056760,
100057896,andizhanskiy_gosudarstvenniy_meditsinskiy_institut,500,15000000,TRUE,1,100,AMOUNT_DICTATOR,100056755,
100057897,comium_gambia,12000,3000000,TRUE,1,100,SIMPLE,100001104,
100057892,callmobile_germany,12000,3000000,TRUE,1,100,SIMPLE,100001104,callmobile_germany.png
100057893,mtn_cyprus,12000,3000000,TRUE,1,100,SIMPLE,100001104,mtn_cyprus.png
100057868,atomfishing_ekstrim,12000,3000000,TRUE,1,100,SIMPLE,100001104,atomfishing_ekstrim.png
100057895,tigo_colombia,12000,3000000,TRUE,1,100,SIMPLE,100001104,tigo_colombia.png
100057886,telecel_burkina_faso,10000,3000000,TRUE,1,100,SIMPLE,100001104,telecel_burkina_faso.png
100057887,eimzo.uz,500,500000,TRUE,1,100,SIMPLE,100056752,eimzo.uz.png
100057885,flow_dominica,12000,3000000,TRUE,1,100,SIMPLE,100001104,flow_dominica.png
100057875,moov_central_african_republic,12000,3000000,TRUE,1,100,SIMPLE,100001104,moov_central_african_republic.png
100057879,urgenchskiy_gosudarstvenniy_universitet,500,15000000,TRUE,1,100,AMOUNT_DICTATOR,100056755,urgenchskiy_gosudarstvenniy_universitet.png
100057883,personal_argentina,10000,3000000,TRUE,1,100,SIMPLE,100001104,personal_argentina.png
100057898,telstra_australia,10000,3000000,TRUE,1,100,SIMPLE,100001104,
100057899,dc,1000,10000000,TRUE,1,100,SIMPLE,100056755,
100057900,digicel_aruba,10000,3000000,TRUE,1,100,SIMPLE,100001104,
100058101,qabul_isft,500,10000000,TRUE,1,100,SIMPLE,100056755,
100058103,ravnaqbank,0,0,TRUE,1,100,SIMPLE,100056758,
100058104,asia_school_shkola_111_klassi,1000,30000000,TRUE,1,100,SIMPLE,100056755,
100058105,africell_gambia,12000,3000000,TRUE,1,100,SIMPLE,100001104,
100058107,mtn_benin,10000,3000000,TRUE,1,100,SIMPLE,100001104,
100058108,bell_mts_canada,10000,3000000,TRUE,1,100,SIMPLE,100001104,
100058109,tim_brazil,10000,3000000,TRUE,1,100,SIMPLE,100001104,
100058110,moja_sobaka,12000,3000000,TRUE,1,100,SIMPLE,100001104,
100058111,digicel_bermuda,10000,3000000,TRUE,1,100,SIMPLE,100001104,
100058115,btc_bahamas,10000,3000000,TRUE,1,100,SIMPLE,100001104,
100058118,tinchlik_jome_masjidi,500,10000000,TRUE,1,100,SIMPLE,100056759,
100058119,bitva_titanov,12000,3000000,TRUE,1,100,SIMPLE,100001104,
100058121,fayzullaxoja_ogli_murodxoji_jome_masjidi,500,10000000,TRUE,1,100,SIMPLE,100056759,
100058123,orange_central_african_republic,12000,3000000,TRUE,1,100,SIMPLE,100001104,
100058126,maxkamota_jome_masjidi,500,10000000,TRUE,1,100,SIMPLE,100056759,
100058127,tsentr_gidrometeorologicheskoy_sluzhbi,500,5000000,TRUE,1,100,AMOUNT_DICTATOR,100056752,
100058128,djezzy_algeria,10000,3000000,TRUE,1,100,SIMPLE,100001104,
100058129,zain_bahrain,10000,3000000,TRUE,1,100,SIMPLE,100001104,
100058130,tashkentskiy_stomatologicheskiy_institut,500,15000000,TRUE,1,100,AMOUNT_DICTATOR,100056755,
100058131,maxkamboy_xoji_ota_jome_masjidi,500,10000000,TRUE,1,100,SIMPLE,100056759,
100058133,lombard_gold_finance_business,500,10000000,TRUE,1,100,AMOUNT_DICTATOR,100056760,
100058134,academe.uz,500,10000000,TRUE,1,100,SIMPLE,100056755,
100058136,stalker,12000,3000000,TRUE,1,100,SIMPLE,100001104,
100058117,kalobok,1000,10000000,TRUE,1,100,AMOUNT_DICTATOR,100056755,kalobok.png
100058120,digicel_dominica,12000,3000000,TRUE,1,100,SIMPLE,100001104,digicel_dominica.png
100058124,digicel_prepaid_plans_el_salvador,12000,3000000,TRUE,1,100,SIMPLE,100001104,digicel_prepaid_plans_el_salvador.png
100058113,gosudarstvennaja_konservatorija_uzbekistana,500,15000000,TRUE,1,100,AMOUNT_DICTATOR,100056755,gosudarstvennaja_konservatorija_uzbekistana.png
100058112,vozmojno_vsyo,500,100000000,TRUE,1,100,SIMPLE,100056759,vozmojno_vsyo.png
100058135,dragon_nest,12000,3000000,TRUE,1,100,SIMPLE,100001104,dragon_nest.png
100058114,beeline_ip_telefonija,0,0,TRUE,1,100,SIMPLE,100056762,beeline_ip_telefonija.png
100058122,ferganskiy_politehnicheskiy_institut,500,15000000,TRUE,1,100,AMOUNT_DICTATOR,100056755,ferganskiy_politehnicheskiy_institut.png
100058132,universitet_geologicheskih_nauk,500,15000000,TRUE,1,100,AMOUNT_DICTATOR,100056755,universitet_geologicheskih_nauk.png
100058102,liga_geroev,12000,3000000,TRUE,1,100,SIMPLE,100001104,liga_geroev.png
100058137,mechet_eshon_bobohon,500,10000000,TRUE,1,100,SIMPLE,100056759,
100058138,lombard_evrika_kredit,500,10000000,TRUE,1,100,AMOUNT_DICTATOR,100056760,
100058139,asakalombard,500,10000000,TRUE,1,100,AMOUNT_DICTATOR,100056760,
100058140,razrushiteli,12000,3000000,TRUE,1,100,SIMPLE,100001104,
100058141,freedom_mobile_wind_canada,10000,3000000,TRUE,1,100,SIMPLE,100001104,
100058142,popolnenie_uzcard_i_humo,1000,10500000,TRUE,1,100,AMOUNT_DICTATOR,100056753,
100058143,istiqbol_invest,500,10000000,TRUE,1,100,AMOUNT_DICTATOR,100056760,
100058145,silknet_fix_georgia,12000,3000000,TRUE,1,100,SIMPLE,100001104,
100058146,bitva_magov,12000,3000000,TRUE,1,100,SIMPLE,100001104,
100058147,nasledie_haosa,12000,3000000,TRUE,1,100,SIMPLE,100001104,
100058148,boost_australia,10000,3000000,TRUE,1,100,SIMPLE,100001104,
100058149,zamki,12000,3000000,TRUE,1,100,SIMPLE,100001104,
100058150,ooredoo_algeria,10000,3000000,TRUE,1,100,SIMPLE,100001104,
100058352,econet_leo_burundi,10000,3000000,TRUE,1,100,SIMPLE,100001104,
100058353,claro_argentina,10000,3000000,TRUE,1,100,SIMPLE,100001104,
100058354,ehtirom_plus,500,10000000,TRUE,1,100,AMOUNT_DICTATOR,100056760,
100058355,tashkentskiy_arhitekturnostroitelniy_institut,500,15000000,TRUE,1,100,AMOUNT_DICTATOR,100056755,
100058356,claro_el_salvador,12000,3000000,TRUE,1,100,SIMPLE,100001104,
100058357,ferganskiy_gosudarstvenniy_universitet,500,15000000,TRUE,1,100,AMOUNT_DICTATOR,100056755,
100058358,popolnenie_visa_i_mastercard_viza,5000,10000000,TRUE,1,100,AMOUNT_DICTATOR,100056753,
100058360,lombard_kristal_kredit,500,10000000,TRUE,1,100,AMOUNT_DICTATOR,100056760,
100058362,eagle_mobile_albania,10000,3000000,TRUE,1,100,SIMPLE,100001104,
100058364,fergana_lombard,1000,10000000,TRUE,1,100,AMOUNT_DICTATOR,100056760,
100058365,biznes_finans_mikromoliyatashkiloti,500,10000000,TRUE,1,100,AMOUNT_DICTATOR,100056760,
100058366,unitel_t_cape_verde,12000,3000000,TRUE,1,100,SIMPLE,100001104,
100058367,saxovatli_insonlar,500,5000000,TRUE,1,100,SIMPLE,100056759,
100058368,kertel_france,12000,3000000,TRUE,1,100,SIMPLE,100001104,
100058369,kaznacheystvo,500,3000000,TRUE,1,100,AMOUNT_DICTATOR,100056752,
100058372,fiskalniy_modul,500,3000000,TRUE,1,100,AMOUNT_DICTATOR,100056752,
100058374,sobitxon_xoji_jome_masjidi,500,10000000,TRUE,1,100,SIMPLE,100056759,
100058361,gulistanskiy_gosudarstvenniy_universitet,500,15000000,TRUE,1,100,AMOUNT_DICTATOR,100056755,gulistanskiy_gosudarstvenniy_universitet.png
100058371,oplata_po_rekvizitam,5000,8101000,TRUE,1,100,AMOUNT_DICTATOR,100056753,oplata_po_rekvizitam.png
100058351,la_poste_mobile_france,12000,3000000,TRUE,1,100,SIMPLE,100001104,la_poste_mobile_france.png
100058373,space_academy,500,10000000,TRUE,1,100,SIMPLE,100056755,space_academy.png
100058359,east_telecom,500,100000,TRUE,1,100,SIMPLE,100056762,east_telecom.png
100058363,tashkentskiy_gosudarstvenniy_tehnicheskiy_universitet,500,15000000,TRUE,1,100,AMOUNT_DICTATOR,100056755,tashkentskiy_gosudarstvenniy_tehnicheskiy_universitet.png
100058375,aviatori,12000,3000000,TRUE,1,100,SIMPLE,100001104,
100058376,flow_cayman_islands,12000,3000000,TRUE,1,100,SIMPLE,100001104,
100058377,rashka,12000,3000000,TRUE,1,100,SIMPLE,100001104,
100058378,samarkandskiy_institut_veterinarnoy_meditsini,500,15000000,TRUE,1,100,AMOUNT_DICTATOR,100056755,
100058379,karakalpakskiy_gosudarstvenniy_universitet,500,15000000,TRUE,1,100,AMOUNT_DICTATOR,100056755,
100058381,mirbobo_ota_jome_masjidi,500,10000000,TRUE,1,100,SIMPLE,100056759,
100058382,digicel_french_guiana,12000,3000000,TRUE,1,100,SIMPLE,100001104,
100058384,kulol_qorgon_jome_masjidi,500,10000000,TRUE,1,100,SIMPLE,100056759,
100058385,techno_line,500,50000000,TRUE,1,100,SIMPLE,100056761,
100058386,crediton.uz,500,10000000,TRUE,1,100,SIMPLE,100056761,
100058387,musimxon_tora_eshon_jome_masjidi,500,10000000,TRUE,1,100,SIMPLE,100056759,
100058388,bota_buva_jome_masjidi,500,10000000,TRUE,1,100,SIMPLE,100056759,
100058390,upravlenie_ohrani,500,10000000,TRUE,1,100,AMOUNT_DICTATOR,100056752,
100058391,vodafone_albania,10000,3000000,TRUE,1,100,SIMPLE,100001104,
100058394,visshaja_shkola_respubliki_po_vodnim_vidam_sporta,1000,3000000,TRUE,1,100,AMOUNT_DICTATOR,100056752,
100058395,koreysozbek_koreys_tili_markazi,500,10000000,TRUE,1,100,SIMPLE,100056755,
100058396,naemniki,12000,3000000,TRUE,1,100,SIMPLE,100001104,
100058398,ngpiia,500,15000000,TRUE,1,100,AMOUNT_DICTATOR,100056755,
100058400,abu_xurayra_jome_masjidi,500,10000000,TRUE,1,100,SIMPLE,100056759,
100058603,arystan_online_academy,500,10000000,TRUE,1,100,SIMPLE,100056755,
100058604,lombard_shokir_invest,500,2999000,TRUE,1,100,AMOUNT_DICTATOR,100056760,
100058606,mobilis_algeria,10000,3000000,TRUE,1,100,SIMPLE,100001104,
100058607,abu_talha_jome_masjidi,500,10000000,TRUE,1,100,SIMPLE,100056759,
100058608,bild_mobil_germany,12000,3000000,TRUE,1,100,SIMPLE,100001104,
100058609,bakcell_azerbaijan,10000,3000000,TRUE,1,100,SIMPLE,100001104,
100058610,lombard_topaz_kredit,500,10000000,TRUE,1,100,AMOUNT_DICTATOR,100056760,
100058611,volshebniki,12000,3000000,TRUE,1,100,SIMPLE,100001104,
100058612,abdulloh_ibn_xuzofa_jome_masjidi,500,10000000,TRUE,1,100,SIMPLE,100056759,
100058602,toshkent_menedjment_va_iqtisodiyot_instituti,200000,200000,TRUE,1,100,SIMPLE,100056755,toshkent_menedjment_va_iqtisodiyot_instituti.png
100058397,oplata_po_inn,1000,145000000,TRUE,1,100,AMOUNT_DICTATOR,100056753,oplata_po_inn.png
100058392,namanganskiy_gosudarstvenniy_universitet,500,15000000,TRUE,1,100,AMOUNT_DICTATOR,100056755,namanganskiy_gosudarstvenniy_universitet.png
100058605,digicel_cayman,12000,3000000,TRUE,1,100,SIMPLE,100001104,digicel_cayman.png
100058393,olcha.uz,500,20000000,TRUE,1,100,SIMPLE,100056761,olcha.uz.png
100058380,vodafone_fiji,12000,3000000,TRUE,1,100,SIMPLE,100001104,vodafone_fiji.png
100058389,nasledie_drevnih,12000,3000000,TRUE,1,100,SIMPLE,100001104,nasledie_drevnih.png
100058399,claro_colombia,12000,3000000,TRUE,1,100,SIMPLE,100001104,claro_colombia.png
100058613,holodnaja_voda,500,3000000,TRUE,1,100,SIMPLE,100056756,
100058614,shtrafi_gubdd,500,6000000,TRUE,1,100,AMOUNT_DICTATOR,100056752,
100058615,star_conflict,12000,3000000,TRUE,1,100,SIMPLE,100001104,
100058616,pulatov_school,500,10000000,TRUE,1,100,SIMPLE,100056755,
100058617,beshqayrogoch_jome_masjidi,500,10000000,TRUE,1,100,SIMPLE,100056759,
100058619,viva_dominican_republic,12000,3000000,TRUE,1,100,SIMPLE,100001104,
100058620,ittifoq_jome_masjidi,500,10000000,TRUE,1,100,SIMPLE,100056759,
100058621,grand_max_gold,500,10000000,TRUE,1,100,AMOUNT_DICTATOR,100056760,
100058622,tayyab_finance,500,10000000,TRUE,1,100,AMOUNT_DICTATOR,100056760,
100058624,tashkentskiy_gosudarstvenniy_agrarniy_universitet,500,15000000,TRUE,1,100,AMOUNT_DICTATOR,100056755,
100058626,m.x_maqsad,500,100000000,TRUE,1,100,SIMPLE,100056759,
100058629,eplus_germany,12000,3000000,TRUE,1,100,SIMPLE,100001104,
100058631,it_park,500,10000000,TRUE,1,100,SIMPLE,100056755,
100058633,engzone,500,10000000,TRUE,1,100,SIMPLE,100056755,
100058634,language_vision,500,10000000,TRUE,1,100,SIMPLE,100056755,
100058635,mechet_kulol_kurgon,500,10000000,TRUE,1,100,SIMPLE,100056759,
100058637,gtsp_zagranpasport,500,6000000,TRUE,1,100,AMOUNT_DICTATOR,100056752,
100058640,scarlet_belgium,10000,3000000,TRUE,1,100,SIMPLE,100001104,
100058641,encounter,12000,3000000,TRUE,1,100,SIMPLE,100001104,
100058645,faxrli_inson,500,10000000,TRUE,1,100,SIMPLE,100056759,
100058646,total_influence_online,12000,3000000,TRUE,1,100,SIMPLE,100001104,
100058647,mehr_prijut_dlja_sobak,500,10000000,TRUE,1,100,SIMPLE,100056759,
100058649,pulman,500,10000000,TRUE,1,100,AMOUNT_DICTATOR,100056760,
100058650,yahyoxon_tora_jome_masjidi,500,10000000,TRUE,1,100,SIMPLE,100056759,
100058628,bizzy_bees,500,10000000,TRUE,1,100,SIMPLE,100056755,bizzy_bees.png
100058639,universitet_zhurnalistiki_i_massovih_kommunikatsiy_uzbekistana,500,15000000,TRUE,1,100,AMOUNT_DICTATOR,100056755,uzimku.png
100058643,amaysim_australia,10000,3000000,TRUE,1,100,SIMPLE,100001104,amaysim_australia.png
100058632,sudi_sudebnie_platezhi,500,3000000,TRUE,1,100,AMOUNT_DICTATOR,100056752,sudi_sudebnie_platezhi.png
100058623,dozori,12000,3000000,TRUE,1,100,SIMPLE,100001104,dozori.png
100058642,airtel_democratic_republic_of_the_congo,12000,3000000,TRUE,1,100,SIMPLE,100001104,airtel_democratic_republic_of_the_congo.png
100058618,paymart,500,100000000,TRUE,1,100,AMOUNT_DICTATOR,100056761,paymart.png
100058638,panzar,12000,3000000,TRUE,1,100,SIMPLE,100001104,panzar.png
100058648,puti_istorii,12000,3000000,TRUE,1,100,SIMPLE,100001104,puti_istorii.png
100058630,virtualnaja_futbolnaja_liga,12000,3000000,TRUE,1,100,SIMPLE,100001104,virtualnaja_futbolnaja_liga.png
100058851,profit_trend,500,10000000,TRUE,1,100,AMOUNT_DICTATOR,100056760,profit_trend.png
100058636,texnoarena,500,10000000,TRUE,1,100,AMOUNT_DICTATOR,100056761,texnoarena.png
100058627,oi_brazil,10000,3000000,TRUE,1,100,SIMPLE,100001104,oi_brazil.png
100058853,paygambar_ota_masjidi,1000,50000000,TRUE,1,100,SIMPLE,100056759,
100058854,varvari,12000,3000000,TRUE,1,100,SIMPLE,100001104,
100058856,tigo_el_salvador,12000,3000000,TRUE,1,100,SIMPLE,100001104,
100058859,labi_zax_jome_masjidi,500,10000000,TRUE,1,100,SIMPLE,100056759,
100058860,avantel_colombia,12000,3000000,TRUE,1,100,SIMPLE,100001104,
100058864,movistar_chile,12000,3000000,TRUE,1,100,SIMPLE,100001104,
100058865,dzhizakskiy_politehnicheskiy_institut,500,15000000,TRUE,1,100,AMOUNT_DICTATOR,100056755,
100058866,mutiknsp,500,15000000,TRUE,1,100,AMOUNT_DICTATOR,100056755,
100058868,albatroskredit_lombard,500,10000000,TRUE,1,100,AMOUNT_DICTATOR,100056760,
100058869,lombard_sitora_sarmoya,500,10000000,TRUE,1,100,AMOUNT_DICTATOR,100056760,
100058872,obidxon_mahdum_jome_masjidi,500,10000000,TRUE,1,100,SIMPLE,100056759,
100058873,elit_mikrofinans,1000,100000000,TRUE,1,100,AMOUNT_DICTATOR,100056760,
100058875,kodeks_piratov,12000,3000000,TRUE,1,100,SIMPLE,100001104,
100058878,tashkentskiy_finansoviy_institut,500,15000000,TRUE,1,100,AMOUNT_DICTATOR,100056755,
100058879,momentkredit_lombard,500,10000000,TRUE,1,100,AMOUNT_DICTATOR,100056760,
100058880,claro_dominican_republic,12000,3000000,TRUE,1,100,SIMPLE,100001104,
100058881,mtn_congo_brazzaville,12000,3000000,TRUE,1,100,SIMPLE,100001104,
100058882,orange_prepaid_tickets_france,12000,3000000,TRUE,1,100,SIMPLE,100001104,
100058884,blau_world_germany,12000,3000000,TRUE,1,100,SIMPLE,100001104,
100058885,simple_moviles_chile,12000,3000000,TRUE,1,100,SIMPLE,100001104,
100058886,yengil_kredit,500,10000000,TRUE,1,100,AMOUNT_DICTATOR,100056760,
100058887,goyib_ota_jome_masjidi,500,10000000,TRUE,1,100,SIMPLE,100056759,
100058888,fido_canada,10000,3000000,TRUE,1,100,SIMPLE,100001104,
100058871,tashkentskiy_gosudarstvenniy_juridicheskiy_universitet,500,15000000,TRUE,1,100,AMOUNT_DICTATOR,100056755,tashkentskiy_gosudarstvenniy_juridicheskiy_universitet.png
100058857,tashkentksiy_mezhdunarodniy_universitet_kimyo,1000,50000000,TRUE,1,100,AMOUNT_DICTATOR,100056755,tashkentksiy_mezhdunarodniy_universitet_kimyo.png
100058870,viva_bolivia,10000,3000000,TRUE,1,100,SIMPLE,100001104,viva_bolivia.png
100058876,gosy_nalog_komitet,500,3000000,TRUE,1,100,AMOUNT_DICTATOR,100056752,gosy_nalog_komitet.png
100058877,bolajon_dunyosi,500,10000000,TRUE,1,100,SIMPLE,100056759,bolajon_dunyosi.png
100058862,era_geroev,12000,3000000,TRUE,1,100,SIMPLE,100001104,era_geroev.png
100058852,udivitelnie_pitomtsi,12000,3000000,TRUE,1,100,SIMPLE,100001104,udivitelnie_pitomtsi.png
100058874,barqaror_sarmoya_group_mikrokredit_tashkiloti,1000,50000000,TRUE,1,100,AMOUNT_DICTATOR,100056760,barqaror_sarmoya_group_mikrokredit_tashkiloti.png
100058863,godvill,12000,3000000,TRUE,1,100,SIMPLE,100001104,godvill.png
100058867,silknet_cdma_georgia,12000,3000000,TRUE,1,100,SIMPLE,100001104,silknet_cdma_georgia.png
100058861,uslugi_edinogo_okna,500,6000000,TRUE,1,100,AMOUNT_DICTATOR,100056752,uslugi_edinogo_okna.png
100058889,mehrob_himmati,500,10000000,TRUE,1,100,SIMPLE,100056759,mehrob_himmati.png
100058890,claro_superpack_el_salvador,12000,3000000,TRUE,1,100,SIMPLE,100001104,
100058891,smart_cambodia,12000,3000000,TRUE,1,100,SIMPLE,100001104,
100058894,arena_online,12000,3000000,TRUE,1,100,SIMPLE,100001104,
100058895,xazrat_bilol_jome_masjidi,500,10000000,TRUE,1,100,SIMPLE,100056759,
100058896,al_arabiya,500,1000000,TRUE,1,100,SIMPLE,100056755,
100059101,perevod_nalichnih_sredstv_sash2cash,10500,5000000,TRUE,1,100,AMOUNT_DICTATOR,100056753,
100059102,claro_costa_rica,12000,3000000,TRUE,1,100,SIMPLE,100001104,
100059103,smart_idea,500,10000000,TRUE,1,100,SIMPLE,100056755,
100059105,namxu_otm,500,10000000,TRUE,1,100,AMOUNT_DICTATOR,100056755,
100059107,marxamat_avto_olam,500,999000000,TRUE,1,100,SIMPLE,100056761,
100059109,proweb,500,10000000,TRUE,1,100,SIMPLE,100056755,
100059111,claro_chile,12000,3000000,TRUE,1,100,SIMPLE,100001104,
100059112,lombard_asatkredit,500,10000000,TRUE,1,100,AMOUNT_DICTATOR,100056760,
100059113,tebo,500,10000000,TRUE,1,100,AMOUNT_DICTATOR,100056761,
100059114,oasis_credit,500,10000000,TRUE,1,100,AMOUNT_DICTATOR,100056760,
100059115,kokcha_oqtepa_jome_masjidi,500,10000000,TRUE,1,100,SIMPLE,100056759,
100059116,camgsm_cambodia,10000,3000000,TRUE,1,100,SIMPLE,100001104,
100059118,virgin_mobile_chile,12000,3000000,TRUE,1,100,SIMPLE,100001104,
100059119,paylater,1000,10000000,TRUE,1,100,AMOUNT_DICTATOR,100056760,
100059122,lebara_france,12000,3000000,TRUE,1,100,SIMPLE,100001104,
100059123,lombard_stolichniy_kredit,500,10000000,TRUE,1,100,AMOUNT_DICTATOR,100056760,
100059124,samarkandskiy_gosudarstvenniy_universitet,500,15000000,TRUE,1,100,AMOUNT_DICTATOR,100056755,
100059125,oltinxon_tora_jome_masjidi,500,10000000,TRUE,1,100,SIMPLE,100056759,
100059126,mib,500,3000000,TRUE,1,100,AMOUNT_DICTATOR,100056752,
100059127,kelajak_umidi_mikromoliya_tashkiloti,500,10000000,TRUE,1,100,AMOUNT_DICTATOR,100056760,
100059128,robi_bangladesh,10000,3000000,TRUE,1,100,SIMPLE,100001104,
100059117,congstar_germany,12000,3000000,TRUE,1,100,SIMPLE,100001104,congstar_germany.png
100058897,samarkandskiy_institut_ekonomiki_i_servisa,500,15000000,TRUE,1,100,AMOUNT_DICTATOR,100056755,samarkandskiy_institut_ekonomiki_i_servisa.png
100058899,mts_canada,12000,3000000,TRUE,1,100,SIMPLE,100001104,mts_canada.png
100059120,nalogi_i_otchislenija_individualnih_predprinimateley,500,3000000,TRUE,1,100,AMOUNT_DICTATOR,100056752,nalogi_i_otchislenija_individualnih_predprinimateley.png
100059106,ezgu_niyat,500,10000000,TRUE,1,100,SIMPLE,100056759,ezgu_niyat.png
100058898,cvmovel_cape_verde,12000,3000000,TRUE,1,100,SIMPLE,100001104,cvmovel_cape_verde.png
100059110,najot_nur,500,10000000,TRUE,1,100,SIMPLE,100056755,najot_nur.png
100058892,poveliteli_stihiy,12000,3000000,TRUE,1,100,SIMPLE,100001104,poveliteli_stihiy.png
100059121,atomfishing_vozvraschenie,12000,3000000,TRUE,1,100,SIMPLE,100001104,atomfishing_vozvraschenie.png
100059108,ay_yildiz_germany,12000,3000000,TRUE,1,100,SIMPLE,100001104,ay_yildiz_germany.png
100059129,nextel_brazil,10000,3000000,TRUE,1,100,SIMPLE,100001104,
100059130,claro_ecuador,12000,3000000,TRUE,1,100,SIMPLE,100001104,
100059132,movistar_colombia,12000,3000000,TRUE,1,100,SIMPLE,100001104,
100059133,imkon_finans_mikromoliya_tashkiloti,500,10000000,TRUE,1,100,AMOUNT_DICTATOR,100056760,
100059134,chippie_bonaire_sint_eustatius_and_saba,10000,3000000,TRUE,1,100,SIMPLE,100001104,
100059137,smart_belize,10000,3000000,TRUE,1,100,SIMPLE,100001104,
100059139,vectone_france,12000,3000000,TRUE,1,100,SIMPLE,100001104,
100059142,sholpon_ota_jome_masjidi,500,10000000,TRUE,1,100,SIMPLE,100056759,
100059143,tashkentskiy_institut_tekstilnoy_i_legkoy_promishlennosti,500,15000000,TRUE,1,100,AMOUNT_DICTATOR,100056755,
100059144,lombard_reliablecredit,500,10000000,TRUE,1,100,AMOUNT_DICTATOR,100056760,
100002234,gamexp,3000,5000000,TRUE,1,100,SIMPLE,100001104,gamexp.png
100057352,sky_study_tashkent,1000,10000000,TRUE,1,100,SIMPLE,100056755,sky_study_tashkent.png
100058855,ozbekiston_mehrshafqat_va_salomatlik,500,100000000,TRUE,1,100,SIMPLE,100056759,ozbekiston_mehrshafqat_va_salomatlik.png
100058625,bibleyckoe_obschestvo_uzbekistana,500,10000000,TRUE,1,100,SIMPLE,100056759,bibleyckoe_obschestvo_uzbekistana.png
100002961,delfin_taxi,500,10000000,TRUE,1,100,SIMPLE,100001105,delfin_taxi.png
100001463,taxi_unique,500,10000000,TRUE,1,100,SIMPLE,100001105,taxi_unique.png
100057872,osiyo_xalqaro_universiteti,1000,15000000,TRUE,1,100,SIMPLE,100056755,osiyo_xalqaro_universiteti.png
100001961,marsel_777_taxi,500,10000000,TRUE,1,100,SIMPLE,100001105,marsel_777_taxi.png
100056894,ezgu_amal,500,10000000,TRUE,1,100,SIMPLE,100056759,ezgu_amal.png
100057111,bashni,12000,3000000,TRUE,1,100,SIMPLE,100001104,bashni.png
100001746,23_tv,1000,30000000,TRUE,1,100,SIMPLE,100001103,23_tv.png
100058106,qalb_kozi,500,10000000,TRUE,1,100,SIMPLE,100056759,qalb_kozi.png
100059138,unversity_of_business_and_science,500,10000000,TRUE,1,100,SIMPLE,100056755,unversity_of_business_and_science.png
100058383,chirchikskiy_gosudarstvenniy_pedagogicheskiy_intitut,500,15000000,TRUE,1,100,AMOUNT_DICTATOR,100056755,chirchikskiy_gosudarstvenniy_pedagogicheskiy_intitut.png
100056876,japanese_international_university,500,10000000,TRUE,1,100,SIMPLE,100056755,japanese_international_university.png
100002737,alo_baraka_taksi,1000,30000000,TRUE,1,100,SIMPLE,100001105,alo_baraka_taksi.png
100002455,baraka_taxi,500,10000000,TRUE,1,100,SIMPLE,100001105,baraka_taxi.png
100001218,lider_taxi,500,10000000,TRUE,1,100,SIMPLE,100001105,lider_taxi.png
100002488,taksi_855,1000,10000000,TRUE,1,100,SIMPLE,100001105,taksi_855.png
100059131,nogiron_bolalari_kamalak_uyi,500,10000000,TRUE,1,100,SIMPLE,100056759,nogiron_bolalari_kamalak_uyi.png
100059141,gosudarstvenniy_kadastr,500,6000000,TRUE,1,100,AMOUNT_DICTATOR,100056752,gosudarstvenniy_kadastr.png
100059135,tanki,12000,3000000,TRUE,1,100,SIMPLE,100001104,tanki.png
100059140,oplata_za_tehosmotr,500,3000000,TRUE,1,100,AMOUNT_DICTATOR,100056752,oplata_za_tehosmotr.png
100059136,digicel_curacao,12000,3000000,TRUE,1,100,SIMPLE,100001104,digicel_curacao.png
100001489,online_taxi_fergana,500,10000000,TRUE,1,100,SIMPLE,100001105,online_taxi_fergana.png
100057372,karantin_rasteniy,100,3000000,TRUE,1,100,AMOUNT_DICTATOR,100056752,karantin_rasteniy.png
100058900,nanonet_consulting_academy,1000,30000000,TRUE,1,100,SIMPLE,100056755,nanonet_consulting_academy.png
100058144,kreditomat24,1000,30000000,TRUE,1,100,AMOUNT_DICTATOR,100056760,kreditomat24.png
100058644,dzhizakskiy_gosudarstvenniy_pedagogicheskiy_universitet,500,15000000,TRUE,1,100,AMOUNT_DICTATOR,100056755,dzhizakskiy_gosudarstvenniy_pedagogicheskiy_universitet.png
100002981,caravan_taxi,500,1500000,TRUE,1,100,SIMPLE,100001105,caravan_taxi.png
100057113,claro_brazil,10000,3000000,TRUE,1,100,SIMPLE,100001104,claro_brazil.png
100057619,movistar_costa_rica,12000,3000000,TRUE,1,100,SIMPLE,100001104,movistar_costa_rica.png
100057614,chatr_canada,10000,3000000,TRUE,1,100,SIMPLE,100001104,chatr_canada.png
100001236,stark_tv,500,10000000,TRUE,1,100,SIMPLE,100001103,stark_tv.png
100058125,tchszh_mening_uyim_mzhko,500,3000000,TRUE,1,100,SIMPLE,100056754,tchszh_mening_uyim_mzhko.png
100058883,notarius_i_zags,500,6000000,TRUE,1,100,AMOUNT_DICTATOR,100056752,notarius_i_zags.png
100059104,sos_bolalar_mahallalari,500,10000000,TRUE,1,100,SIMPLE,100056759,sos_bolalar_mahallalari.png
100058601,namanganskiy_inzhenernostroitelniy_institut,500,15000000,TRUE,1,100,AMOUNT_DICTATOR,100056755,namanganskiy_inzhenernostroitelniy_institut.png
100002750,playstation_uae_store,12000,3000000,TRUE,1,100,SIMPLE,100001104,playstation_uae_store.png
100057881,tashkentskiy_himikotehnologicheskiy_institut,500,15000000,TRUE,1,100,AMOUNT_DICTATOR,100056755,tashkentskiy_himikotehnologicheskiy_institut.png
100002210,aquafon_georgia,12000,3000000,TRUE,1,100,SIMPLE,100001104,aquafon_georgia.png
100001462,zero_taxi_plus,500,1000000,TRUE,1,100,SIMPLE,100001105,zero_taxi_plus.png
100058370,tashkentskiy_gosudarstvenniy_ekonomicheskiy_universitet,500,15000000,TRUE,1,100,AMOUNT_DICTATOR,100056755,tashkentskiy_gosudarstvenniy_ekonomicheskiy_universitet.png
100003222,runescape,12000,3000000,TRUE,1,100,SIMPLE,100001104,runescape.png
100001734,netflix_uae,12000,3000000,TRUE,1,100,SIMPLE,100001104,netflix_uae.png
100057147,symacom_france,12000,3000000,TRUE,1,100,SIMPLE,100001104,symacom_france.png
100001703,tinkoff_mobayl_rossija,1000,1000000,TRUE,1,100,SIMPLE,100001104,tinkoff_mobayl_rossija.png
100058893,kokaldosh_madrasasi,500,10000000,TRUE,1,100,SIMPLE,100056759,kokaldosh_madrasasi.png
100002719,noon_ksa,12000,3000000,TRUE,1,100,SIMPLE,100001104,noon_ksa.png
100057630,forta,500,10000000,TRUE,1,100,SIMPLE,100056761,forta.png
100057140,claro_superpack_costa_rica,12000,3000000,TRUE,1,100,SIMPLE,100001104,claro_superpack_costa_rica.png
100057611,altice_orange_dominican_republic_,12000,3000000,TRUE,1,100,SIMPLE,100001104,altice_orange_dominican_republic_.png
100001990,legenda_nasledie_minor,3000,2000000,TRUE,1,100,SIMPLE,100001104,legenda_nasledie_minor.png
100058116,vodacom_democratic_republic_of_the_congo,12000,3000000,TRUE,1,100,SIMPLE,100001104,vodacom_democratic_republic_of_the_congo.png
100058858,ethio_telecom_ethiopia,12000,3000000,TRUE,1,100,SIMPLE,100001104,ethio_telecom_ethiopia.png
100002964,yapartner,500,1000000,TRUE,1,100,SIMPLE,100001105,yapartner.png